bias,Age of vehicle,engine capacity (cc),Fuel consumption (metric combined),Noise level (dB(A)),fuel type,gearbox,PM emissions (g/km),Nox emissions (g/km),HC+Nox emissions(g/km),HC emissions (g/km),Euro standard,CO2 emission (g/km),CO emissions (g/km)
1,-2.121241744,-0.951062549,-1.912784096,-0.213765083,-1.277345062,0.768589942,0,0.057,77,NA,6,92,0.054
1,-1.506812749,-0.951062549,-1.778936743,-0.009915057,-1.277345062,0.768589942,1,0.113,131,NA,5,99,0.196
1,-1.897813018,-0.951062549,-1.778936743,-0.009915057,-1.277345062,0.768589942,1,0.113,131,NA,5,99,0.196
1,-1.506812749,-0.951062549,-1.734320959,-0.009915057,-1.277345062,0.768589942,1,0.113,131,NA,5,103,0.196
1,-1.897813018,-0.951062549,-1.734320959,-0.009915057,-1.277345062,0.768589942,1,0.113,131,NA,5,103,0.196
1,-2.306687585,-0.863443873,-1.689705175,-0.060877563,-1.277345062,0.768589942,0.0001,0.018,,0.018,6,104,0.063
1,-1.859830135,-0.863443873,-1.689705175,-0.060877563,-1.277345062,0.768589942,0.0001,0.018,,0.021,6,104,0.063
1,-2.53011631,-0.863443873,-1.689705175,-0.060877563,-1.277345062,0.768589942,0.0001,0.018,,0.021,6,104,0.063
1,-2.08325886,-0.863443873,-1.689705175,-3.676004887,-1.277345062,0.768589942,6,0.0001,,0.018,,104,0.021
1,-2.121241744,-0.951062549,-1.64508939,-0.213765083,-1.277345062,0.768589942,0,0.06,80,NA,6,106,0.064
1,-0.295829059,-0.951062549,-1.64508939,-0.050685062,-1.277345062,0.360397637,0.01,0.24,0.28,NA,4,109,0.18
1,-0.74268651,-0.998348818,-1.64508939,-0.264727589,-1.277345062,0.768589942,0.02,0.17,0.19,NA,4,109,0.3
1,-1.506812749,-0.998348818,-1.64508939,-0.009915057,-1.277345062,0.768589942,1,0.12,136,NA,5,107,0.198
1,-1.897813018,-0.998348818,-1.64508939,-0.009915057,-1.277345062,0.768589942,1,0.12,136,NA,5,107,0.198
1,-1.412972685,-0.863443873,-1.600473606,-0.009915057,-1.277345062,0.768589942,0,0.166,,0.022,5,110,0.38
1,-2.121241744,-0.672908024,-1.600473606,-0.009915057,-1.277345062,0.768589942,0,0.016,50,NA,6,108,0.412
1,-1.63640141,-0.863443873,-1.600473606,-0.060877563,-1.277345062,0.768589942,0.0001,0.176,,0.026,5,105,0.36
1,-0.74268651,-0.695160386,-1.600473606,-0.162802576,-1.277345062,0.768589942,0.02,0.179,0.231,0.052,4,110,0.254
1,-0.74268651,-0.998348818,-1.600473606,-0.009915057,-1.277345062,1.040718146,0.02,0.16,0.18,NA,4,110,0.22
1,-1.506812749,-0.951062549,-1.600473606,-0.009915057,-1.277345062,0.768589942,1,0.101,120,NA,5,109,0.199
1,-1.506812749,-0.998348818,-1.600473606,-0.009915057,-1.277345062,0.768589942,1,0.101,120,NA,5,109,0.199
1,-1.897813018,-0.951062549,-1.600473606,-0.009915057,-1.277345062,0.768589942,1,0.101,120,NA,5,109,0.199
1,-1.897813018,-0.998348818,-1.600473606,-0.009915057,-1.277345062,0.768589942,1,0.101,120,NA,5,109,0.199
1,1.268172016,-0.917684006,-1.555857822,-0.009915057,-1.277345062,0.360397637,0.02,0.331,0.351,NA,3,116,0.116
1,-1.897813018,-0.998348818,-1.555857822,0.092009956,-1.277345062,0.768589942,0.04,0.155,177,NA,5,112,0.297
1,-1.506812749,-0.998348818,-1.555857822,0.092009956,-1.277345062,0.768589942,0.4,0.155,177,NA,5,112,0.297
1,-2.121241744,-0.672908024,-1.555857822,-0.11184007,-1.277345062,0.768589942,1,0.032,58,NA,6,110,0.108
1,-1.63640141,-1.229217074,-1.555857822,-0.11184007,0.782047997,0.360397637,N/A,0.007,,0.033,5,99,0.259
1,-0.74268651,-1.507371599,-1.555857822,-0.249438837,0.782047997,0.360397637,NA,0.02,NA,0.03,4,99,0.15
1,-0.74268651,-0.953844094,-1.511242037,-0.060877563,-1.277345062,0.360397637,0.02,0.181,0.211,0.03,4,116,0.207
1,-0.74268651,-0.695160386,-1.511242037,-0.162802576,-1.277345062,0.768589942,0.02,0.179,0.231,0.052,4,115,0.254
1,0.374457116,-0.917684006,-1.511242037,-0.009915057,-1.277345062,0.360397637,0.02,0.18,0.193,NA,4,119,0.095
1,0.821314566,-0.917684006,-1.511242037,-0.009915057,-1.277345062,0.360397637,0.02,0.331,0.351,NA,3,119,0.116
1,1.268172016,-0.96218873,-1.511242037,0.04104745,-1.277345062,0.360397637,0.02,0.428,0.447,,3,119,0.095
1,0.430314297,-0.998348818,-1.511242037,-0.106743819,-1.277345062,0.360397637,0.03,0.35,0.39,NA,3,117,0.23
1,-2.697687854,-0.672908024,-1.466626253,0.092009956,-1.277345062,0.768589942,0,0.024,47,NA,6,119,0.184
1,-0.295829059,-0.695160386,-1.466626253,-0.060877563,-1.277345062,0.360397637,0,0.162,0.185,,4,119,0.196
1,-0.74268651,-0.953844094,-1.466626253,-0.060877563,-1.277345062,0.360397637,0.02,0.181,0.211,0.03,4,118,0.207
1,-0.74268651,-0.695160386,-1.466626253,-0.009915057,-1.277345062,0.768589942,0.02,0.203,0.239,0.036,4,119,0.211
1,-0.74268651,-0.695160386,-1.466626253,-0.009915057,-1.277345062,0.768589942,0.02,0.203,0.239,0.036,4,117,0.211
1,-0.072400334,-0.818939149,-1.466626253,-0.060877563,-1.277345062,0.360397637,0.02,0.18,0.23,0.05,4,118,0.36
1,-0.314597072,-0.998348818,-1.466626253,-0.11184007,-1.277345062,0.360397637,0.02,0.17,0.18,NA,4,119,0.07
1,-0.314597072,-0.998348818,-1.466626253,-0.11184007,-1.277345062,1.040718146,0.02,0.17,0.18,NA,4,119,0.07
1,1.268172016,-0.917684006,-1.466626253,-0.009915057,-1.277345062,0.360397637,0.02,0.428,0.447,,3,120,0.095
1,-0.74268651,-1.507371599,-1.466626253,-0.060877563,0.782047997,0.360397637,NA,0.02,NA,0.04,4,106,0.32
1,-0.519257785,-0.863443873,-1.422010468,0.04104745,-1.277345062,0.360397637,0.02,0.199,,0.016,4,120,0.143
1,-0.74268651,-0.863443873,-1.422010468,0.04104745,-1.277345062,0.360397637,0.02,0.199,,0.016,4,120,0.143
1,-0.966115235,-0.863443873,-1.422010468,0.04104745,-1.277345062,0.360397637,0.02,0.199,,0.016,4,120,0.143
1,-0.74268651,-0.158322152,-1.422010468,-0.009915057,-1.277345062,0.768589942,0.12,0.164,0.181,NA,5,119,0.192
1,-0.295829059,-1.507371599,-1.422010468,-0.11184007,0.782047997,0.360397637,NA,0.01,NA,0.05,4,109,0.37
1,-0.74268651,-1.507371599,-1.422010468,-0.060877563,0.782047997,1.040718146,NA,0.01,NA,0.05,4,107,0.38
1,-0.295829059,-1.507371599,-1.422010468,-0.009915057,0.782047997,1.040718146,NA,0.03,NA,0.05,4,109,0.35
1,-2.121241744,-1.230607847,-1.422010468,-0.213765083,0.782047997,-1.136307483,NA,0.032,NA,0.026,6,106,0.108
1,-2.697687854,-0.120771291,-1.377394684,-0.060877563,-1.277345062,0.768589942,0,0.025,48,NA,6,123,0.275
1,-2.697687854,-0.120771291,-1.377394684,-0.060877563,-1.277345062,0.768589942,0,0.025,49,NA,6,124,0.275
1,-2.753545036,-0.863443873,-1.377394684,-0.060877563,-1.277345062,0.768589942,0.0002,0.027,,0.031,6,123,0.016
1,-0.74268651,-0.998348818,-1.377394684,-0.264727589,-1.277345062,0.768589942,0.01,0.17,0.2,NA,4,125,0.25
1,-0.295829059,-0.863443873,-1.377394684,-0.11184007,-1.277345062,0.360397637,0.02,0.211,,0.023,4,125,0.201
1,-0.295829059,-0.695160386,-1.377394684,-0.009915057,-1.277345062,0.360397637,0.02,0.191,0.224,,4,125,0.307
1,-0.74268651,-1.507371599,-1.377394684,-0.101647568,0.782047997,1.040718146,NA,0.02,NA,0.04,4,110,0.12
1,0.374457116,-0.818939149,-1.3327789,0.04104745,-1.277345062,0.360397637,0.03,0.41,0.432,,3,127,0.166
1,1.268172016,-0.258457781,-1.3327789,0.04104745,-1.277345062,0.360397637,0.04,0.373,0.433,,3,130,0.377
1,-0.74268651,-0.998348818,-1.3327789,-0.213765083,-1.277345062,1.040718146,0.21,0.21,0.23,NA,4,127,0.22
1,-0.74268651,-1.04702586,-1.3327789,-0.249438837,0.782047997,0.768589942,NA,0.016,NA,0.024,4,113,0.098
1,-2.121241744,-1.230607847,-1.3327789,-0.11184007,0.782047997,-1.136307483,NA,0.032,NA,0.026,6,110,0.108
1,-2.121241744,-1.230607847,-1.3327789,-0.060877563,0.782047997,0.768589942,NA,0.039,NA,0.032,6,112,0.197
1,-0.74268651,-0.998348818,-1.288163115,0.04104745,-1.277345062,0.768589942,0,0.18,0.19,NA,4,130,0.18
1,-1.412972685,-0.863443873,-1.288163115,-0.009915057,-1.277345062,0.768589942,0.0008,0.137,,0.022,5,129,0.371
1,-0.295829059,-0.695160386,-1.288163115,-0.009915057,-1.277345062,0.360397637,0.02,0.191,0.224,,4,128,0.307
1,-0.295829059,-0.998348818,-1.243547331,-0.213765083,-1.277345062,1.040718146,0.02,0.179,0.192,NA,4,131,0.094
1,-0.295829059,-0.998348818,-1.243547331,-0.213765083,-1.277345062,0.360397637,0.02,0.218,0.235,NA,4,132,0.176
1,0.374457116,-0.998348818,-1.243547331,-0.122032571,-1.277345062,0.360397637,0.04,0.4,0.43,NA,3,133,0.16
1,-0.74268651,-1.507371599,-1.243547331,-0.086358816,0.782047997,0.360397637,NA,0.02,NA,0.07,4,118,0.4
1,-0.295829059,-1.384983608,-1.243547331,0.030854949,0.782047997,0.360397637,,0.023,0.058,0.035,4,119,0.323
1,-1.18954396,-0.863443873,-1.198931547,0.092009956,-1.277345062,0.768589942,0,0.114,,0.018,5,134,0.417
1,-0.74268651,-0.116598973,-1.198931547,-0.009915057,-1.277345062,0.768589942,0.01,0.14,0.16,NA,4,135,0.23
1,-0.74268651,-0.116598973,-1.198931547,-0.009915057,-1.277345062,0.768589942,0.01,0.14,0.16,NA,4,134,0.23
1,-0.072400334,-0.863443873,-1.198931547,-0.11184007,-1.277345062,0.360397637,0.02,0.228,,0.029,4,135,0.129
1,-0.295829059,-0.863443873,-1.198931547,-0.060877563,-1.277345062,0.360397637,0.02,0.227,,0.032,4,136,0.218
1,1.268172016,-0.258457781,-1.198931547,0.092009956,-1.277345062,0.360397637,0.02,0.449,0.504,,3,138,0.362
1,1.044743291,-0.258457781,-1.198931547,0.092009956,-1.277345062,0.360397637,0.02,0.449,0.504,,3,138,0.362
1,1.268172016,-0.258457781,-1.198931547,0.04104745,-1.277345062,0.360397637,0.04,0.391,0.43,,3,138,0.15
1,-2.753545036,-1.229217074,-1.198931547,-0.060877563,0.782047997,-0.319922872,N/A,0.007,,0.036,6,119,0.302
1,-1.63640141,-1.229217074,-1.198931547,-0.060877563,0.782047997,-0.319922872,N/A,0.01,,0.039,5,119,0.366
1,-0.74268651,-1.04702586,-1.198931547,-0.249438837,0.782047997,1.040718146,NA,0.016,NA,0.024,4,120,0.098
1,-0.74268651,-1.04702586,-1.198931547,-0.03539631,0.782047997,0.768589942,NA,0.02,NA,0.07,4,120,0.24
1,-0.74268651,-1.04702586,-1.198931547,-0.03539631,0.782047997,1.040718146,NA,0.02,NA,0.07,4,119,0.24
1,-2.121241744,-1.230607847,-1.198931547,-0.11184007,0.782047997,-1.136307483,NA,0.032,NA,0.026,6,119,0.108
1,-0.966115235,-0.863443873,-1.154315762,-0.178091328,-1.277345062,0.768589942,0,0.153,,0.022,4,135,0.2
1,-1.18954396,-0.863443873,-1.154315762,-0.178091328,-1.277345062,0.768589942,0,0.153,,0.022,4,135,0.2
1,-0.74268651,-0.116598973,-1.154315762,-0.009915057,-1.277345062,0.768589942,0.01,0.14,0.16,NA,4,136,0.23
1,-0.519257785,-0.863443873,-1.154315762,-0.162802576,-1.277345062,0.768589942,0.02,0.192,,0.023,4,139,0.206
1,-0.74268651,-0.863443873,-1.154315762,-0.162802576,-1.277345062,0.768589942,0.02,0.192,,0.023,4,139,0.206
1,1.268172016,-0.258457781,-1.154315762,-0.060877563,-1.277345062,0.360397637,0.03,0.369,0.403,,3,140,0.117
1,1.044743291,-0.258457781,-1.154315762,-0.060877563,-1.277345062,0.360397637,0.04,0.408,0.435,,3,140,0.055
1,0.151028391,-0.258457781,-1.154315762,-0.060877563,-1.277345062,0.360397637,0.04,0.408,0.435,,3,140,0.055
1,-0.519257785,-1.159678443,-1.154315762,-0.009915057,0.782047997,0.360397637,,0.036,0.064,0.028,4,124,0.383
1,-0.74268651,-1.159678443,-1.154315762,-0.009915057,0.782047997,0.360397637,,0.036,0.064,0.028,4,124,0.383
1,-0.295829059,-1.384983608,-1.154315762,0.030854949,0.782047997,0.360397637,,0.023,0.058,0.035,4,124,0.323
1,-1.412972685,-0.863443873,-1.109699978,-0.213765083,-1.277345062,0.360397637,0.001,0.14,,0.035,5,138,0.459
1,-1.63640141,-0.863443873,-1.109699978,-0.213765083,-1.277345062,0.360397637,0.001,0.14,,0.075,5,138,0.459
1,-0.072400334,-0.818939149,-1.109699978,-0.11184007,-1.277345062,0.360397637,0.02,0.22,0.24,0.02,4,140,0.12
1,-0.072400334,-0.949671776,-1.109699978,-0.11184007,0.782047997,0.360397637,0.02,0.22,0.24,0.02,4,141,0.12
1,0.151028391,-0.258457781,-1.109699978,-0.060877563,-1.277345062,0.360397637,0.02,0.191,0.203,NA,4,143,0.041
1,-0.519257785,-0.818939149,-1.109699978,-0.11184007,-1.277345062,0.360397637,0.02,0.22,0.24,,4,140,0.12
1,1.268172016,-0.258457781,-1.109699978,0.092009956,-1.277345062,0.360397637,0.03,0.461,0.52,,3,143,0.316
1,1.268172016,-0.258457781,-1.109699978,0.04104745,-1.277345062,0.360397637,0.04,0.314,0.394,,3,143,0.436
1,-0.74268651,-0.158322152,-1.109699978,0.04104745,-1.277345062,0.768589942,0.12,0.136,0.157,NA,5,139,0.157
1,-2.121241744,-1.230607847,-1.109699978,-0.11184007,0.782047997,-1.136307483,NA,0.032,NA,0.026,6,122,0.108
1,-0.519257785,-0.158322152,-1.109699978,0.04104745,-1.277345062,0.768589942,NA,0.15,0.177,NA,4,139,0.225
1,1.044743291,-0.258457781,-1.065084194,-0.009915057,-1.277345062,0.768589942,0.003,0.376,0.392,,3,146,0.081
1,-0.74268651,-0.158322152,-1.065084194,-0.11184007,-1.277345062,-0.047794669,0.01,0.126,0.142,NA,4,143,0.05
1,-0.295829059,-0.863443873,-1.065084194,-0.162802576,-1.277345062,0.768589942,0.02,0.192,,0.023,4,145,0.206
1,-0.295829059,-0.116598973,-1.065084194,-0.213765083,-1.277345062,0.768589942,0.02,0.193,0.211,NA,4,144,0.196
1,0.151028391,-0.258457781,-1.065084194,-0.060877563,-1.277345062,0.360397637,0.02,0.206,0.224,,4,143,0.12
1,1.044743291,-0.258457781,-1.065084194,0.04104745,-1.277345062,0.360397637,0.04,0.314,0.394,,3,146,0.436
1,0.374457116,-1.507371599,-1.065084194,-0.132225072,0.782047997,1.040718146,NA,0.01,NA,0.05,4,129,0.48
1,-0.314597072,-1.507371599,-1.065084194,-0.11184007,0.782047997,0.360397637,NA,0.01,NA,0.07,4,127,0.58
1,-2.121241744,-1.230607847,-1.065084194,-0.060877563,0.782047997,0.768589942,NA,0.012,NA,0.02,6,125,0.138
1,-1.506812749,-1.04702586,-1.065084194,0.04104745,0.782047997,0.768589942,NA,0.013,NA,0.036,5,125,0.215
1,-1.897813018,-1.04702586,-1.065084194,0.04104745,0.782047997,0.768589942,NA ,0.013,NA,0.036,5,125,0.215
1,-0.072400334,-1.384983608,-1.065084194,0.04104745,0.782047997,0.360397637,,0.023,0.047,0.024,4,128,0.277
1,-0.295829059,-0.126334382,-1.020468409,0.04104745,-1.277345062,0.768589942,0.02,0.196,0.216,,4,145,0.134
1,1.268172016,-0.258457781,-1.020468409,-0.009915057,-1.277345062,0.360397637,0.03,0.42,0.454,,3,149,0.137
1,0.597885841,-0.818939149,-1.020468409,0.04104745,-1.277345062,0.360397637,0.04,0.399,0.399,,3,145,0.079
1,0.374457116,-0.818939149,-1.020468409,0.04104745,-1.277345062,0.360397637,0.04,0.399,0.399,,3,145,0.079
1,-0.295829059,-0.116598973,-1.020468409,-0.060877563,-1.277345062,0.768589942,0.2,0.2,0.22,NA,4,146,0.17
1,-0.74268651,0.207451048,-1.020468409,-0.009915057,-1.277345062,0.768589942,1,0.162,171,NA,5,147,0.161
1,-0.74268651,0.207451048,-1.020468409,0.04104745,-1.277345062,0.768589942,1,0.162,171,NA,5,149,0.161
1,-0.74268651,-0.116598973,-1.020468409,0.092009956,-1.277345062,0.768589942,1.2,0.158,187,NA,5,143,0.29
1,-0.74268651,-1.04702586,-1.020468409,-0.162802576,0.782047997,0.768589942,NA,0.02,NA,0.05,4,129,0.24
1,-2.121241744,-1.230607847,-1.020468409,-0.060877563,0.782047997,0.768589942,NA,0.039,NA,0.032,6,126,0.197
1,-2.121241744,-1.04702586,-1.020468409,0.04104745,0.782047997,0.768589942,NA,0.007,NA,0.041,6,128,0.39
1,-1.506812749,-1.04702586,-1.020468409,0.04104745,0.782047997,0.768589942,NA,0.009,NA,0.041,5,127,0.28
1,-1.897813018,-1.04702586,-1.020468409,0.04104745,0.782047997,0.768589942,NA,0.009,NA,0.041,5,127,0.28
1,-0.072400334,-1.384983608,-1.020468409,0.04104745,0.782047997,0.360397637,,0.023,0.047,0.024,4,131,0.277
1,-0.295829059,-0.158322152,-0.975852625,-0.162802576,-1.277345062,-0.047794669,0,0.144,0.159,NA,4,148,0.039
1,0.430314297,-0.120771291,-0.975852625,0.04104745,-1.277345062,0.360397637,0.01,0.23,0.24,NA,4,149,0.24
1,-0.74268651,0.207451048,-0.975852625,0.04104745,-1.277345062,0.768589942,1,0.162,171,NA,5,150,0.161
1,-1.63640141,-1.230607847,-0.975852625,-0.009915057,0.782047997,0.768589942,N/A,0.025,,0.044,5,129,0.658
1,0.374457116,-1.507371599,-0.975852625,-0.122032571,0.782047997,0.360397637,NA,0.01,NA,0.05,4,134,0.3
1,0.374457116,-1.088749039,-0.975852625,-0.071070064,0.782047997,0.360397637,NA,0.01,NA,0.05,4,133,0.7
1,-1.506812749,-1.04702586,-0.975852625,0.04104745,0.782047997,0.768589942,NA,0.008,NA,0.037,5,130,0.385
1,-1.897813018,-1.04702586,-0.975852625,0.04104745,0.782047997,0.768589942,NA,0.008,NA,0.037,5,130,0.385
1,0.151028391,-1.384983608,-0.975852625,-0.009915057,0.782047997,0.360397637,,0.012,0.035,0.023,3,133,0.47
1,-0.519257785,-0.953844094,-0.975852625,-0.060877563,0.782047997,0.360397637,,0.008,0.033,0.025,4,133,0.245
1,-0.74268651,-0.953844094,-0.975852625,-0.060877563,0.782047997,0.360397637,,0.008,0.033,0.025,4,133,0.245
1,0.430314297,-0.120771291,-0.931236841,0.04104745,-1.277345062,0.360397637,0.01,0.23,0.24,NA,4,151,0.24
1,-0.74268651,-0.695160386,-0.931236841,-0.060877563,-1.277345062,-1.68056389,0.02,0.176,0.197,0.021,4,150,0.169
1,-0.519257785,-0.13606979,-0.931236841,0.04104745,-1.277345062,0.768589942,0.02,0.127,0.155,NA,5,149,0.188
1,-0.74268651,-0.258457781,-0.931236841,-0.060877563,-1.277345062,0.360397637,0.02,0.191,0.21,NA,4,152,0.051
1,-0.295829059,-0.116598973,-0.931236841,-0.060877563,-1.277345062,0.768589942,0.02,0.2,0.22,NA,4,149,0.17
1,0.151028391,-0.258457781,-0.931236841,-0.060877563,-1.277345062,0.360397637,0.02,0.237,0.26,NA,4,154,0.089
1,0.151028391,-0.158322152,-0.931236841,-0.009915057,-1.277345062,0.768589942,0.02,0.239,0.261,,4,154,0.113
1,0.430314297,-0.120771291,-0.931236841,-0.009915057,-1.277345062,0.360397637,0.03,0.45,0.48,NA,3,153,0.24
1,0.430314297,-0.120771291,-0.931236841,-0.060877563,-1.277345062,0.360397637,0.03,0.45,0.48,NA,3,153,0.24
1,1.268172016,-0.258457781,-0.931236841,-0.009915057,-1.277345062,0.360397637,0.03,0.42,0.454,,3,154,0.13
1,1.268172016,-0.258457781,-0.931236841,-0.009915057,-1.277345062,0.360397637,0.03,0.465,0.495,,3,154,0.1
1,1.268172016,0.142084735,-0.931236841,0.04104745,-1.277345062,0.360397637,0.04,0.38,,0.03,3,152,0.02
1,-0.74268651,0.207451048,-0.931236841,0.04104745,-1.277345062,0.768589942,1,0.162,171,NA,5,152,0.161
1,-2.306687585,-1.230607847,-0.931236841,-0.11184007,0.782047997,0.768589942,N/A,0.033,,0.052,6,128,0.264
1,-2.53011631,-1.230607847,-0.931236841,-0.11184007,0.782047997,0.768589942,N/A,0.033,,0.052,6,128,0.264
1,-0.74268651,-0.96218873,-0.931236841,-0.11184007,0.782047997,0.088269433,NA,0.046,NA,0.052,5,133,0.588
1,-1.506812749,-0.672908024,-0.931236841,0.04104745,0.782047997,-0.319922872,NA,0.007,NA,0.036,5,134,0.232
1,-1.897813018,-0.672908024,-0.931236841,0.04104745,0.782047997,-0.319922872,NA,0.007,NA,0.036,5,134,0.232
1,0.374457116,-1.030336588,-0.931236841,-0.11184007,0.782047997,0.360397637,,0.036,,0.034,3,136,0.372
1,-0.072400334,-0.158322152,-0.886621056,0.04104745,-1.277345062,-0.047794669,0.02,0.184,0.215,NA,4,156,0.196
1,-0.519257785,-0.258457781,-0.886621056,-0.060877563,-1.277345062,0.360397637,0.02,0.191,0.21,NA,4,154,0.051
1,0.430314297,-0.120771291,-0.886621056,-0.009915057,-1.277345062,0.360397637,0.02,0.21,0.22,NA,4,155,0.14
1,-0.74268651,0.207451048,-0.886621056,-0.106743819,-1.277345062,0.768589942,0.02,0.21,0.22,NA,4,154,0.18
1,1.044743291,-1.507371599,-0.886621056,-0.009915057,0.782047997,0.224333535,N/A,0.041,,0.066,3,142,0.584
1,-0.314597072,-1.090139811,-0.886621056,-0.11184007,0.782047997,1.040718146,NA,0.01,NA,0.05,4,136,0.49
1,0.374457116,-1.088749039,-0.886621056,-0.071070064,0.782047997,0.360397637,NA,0.01,NA,0.06,4,138,0.79
1,-1.506812749,-0.672908024,-0.886621056,0.04104745,0.782047997,-0.319922872,NA,0.008,NA,0.036,5,136,0.232
1,-1.506812749,-0.672908024,-0.886621056,0.04104745,0.782047997,-0.319922872,NA,0.008,NA,0.036,5,136,0.232
1,-1.897813018,-0.672908024,-0.886621056,0.04104745,0.782047997,-0.319922872,NA,0.008,NA,0.036,5,136,0.232
1,-0.74268651,-1.04702586,-0.886621056,-0.162802576,0.782047997,0.768589942,NA,0.025,NA ,0.04,5,136,0.274
1,-0.74268651,-1.04702586,-0.886621056,-0.162802576,0.782047997,0.768589942,NA,0.038,NA ,0.04,5,135,0.274
1,0.597885841,-1.384983608,-0.886621056,-0.009915057,0.782047997,0.360397637,,0.01,0.029,0.019,3,138,0.4
1,0.374457116,-0.158322152,-0.842005272,0.04104745,-1.277345062,-0.047794669,0.02,0.184,0.215,NA,4,159,0.196
1,-0.072400334,-0.158322152,-0.842005272,0.04104745,-1.277345062,-0.047794669,0.02,0.184,0.215,NA,4,159,0.196
1,0.151028391,-0.158322152,-0.842005272,0.04104745,-1.277345062,0.768589942,0.02,0.228,0.267,NA,4,158,0.266
1,-0.295829059,0.207451048,-0.842005272,-0.009915057,-1.277345062,0.768589942,0.02,0.24,0.24,NA,4,156,0.02
1,-0.295829059,-0.695160386,-0.842005272,-0.009915057,-1.277345062,-1.68056389,0.02,0.167,0.21,,4,155,0.332
1,0.597885841,0.142084735,-0.842005272,0.142972463,-1.277345062,0.360397637,0.03,0.378,,0.05,3,161,0.49
1,0.374457116,0.142084735,-0.842005272,0.142972463,-1.277345062,0.360397637,0.03,0.378,,0.05,3,161,0.49
1,0.151028391,0.142084735,-0.842005272,0.142972463,-1.277345062,0.360397637,0.03,0.378,,0.05,3,161,0.49
1,-0.072400334,0.142084735,-0.842005272,0.142972463,-1.277345062,0.360397637,0.03,0.378,,0.05,3,161,0.49
1,-0.74268651,1.231059701,-0.842005272,-0.060877563,-1.277345062,0.088269433,0.03,0.139,0.167,NA,5,156,0.35
1,0.430314297,-0.120771291,-0.842005272,-0.009915057,-1.277345062,0.360397637,0.03,0.45,0.48,NA,3,156,0.24
1,0.597885841,-0.258457781,-0.842005272,-0.009915057,-1.277345062,-1.408435687,0.03,0.455,0.487,NA,3,159,0.184
1,0.821314566,0.142084735,-0.842005272,0.04104745,-1.277345062,0.768589942,0.04,0.393,,0.047,3,159,0.373
1,0.821314566,0.142084735,-0.842005272,0.04104745,-1.277345062,0.360397637,0.04,0.36,,0.05,3,157,0.02
1,1.044743291,0.142084735,-0.842005272,0.04104745,-1.277345062,0.360397637,0.04,0.36,,0.05,3,157,0.02
1,0.597885841,0.142084735,-0.842005272,0.142972463,-1.277345062,0.768589942,0.04,0.454,,0.059,3,161,0.305
1,0.374457116,0.142084735,-0.842005272,0.142972463,-1.277345062,0.768589942,0.04,0.454,,0.059,3,161,0.305
1,0.151028391,0.142084735,-0.842005272,0.142972463,-1.277345062,0.768589942,0.04,0.454,,0.059,3,161,0.305
1,-0.072400334,0.142084735,-0.842005272,0.142972463,-1.277345062,0.768589942,0.04,0.454,,0.059,3,161,0.305
1,1.044743291,-0.258457781,-0.842005272,0.092009956,-1.277345062,0.360397637,0.04,0.353,0.418,,3,159,0.327
1,-1.412972685,-0.992785728,-0.842005272,-0.009915057,0.782047997,0.360397637,N/A,0.019,,0.035,5,139,0.159
1,-1.412972685,-0.96775182,-0.842005272,-0.009915057,0.782047997,0.360397637,N/A,0.019,,0.035,5,139,0.159
1,-0.966115235,-1.170804624,-0.842005272,-0.009915057,0.782047997,0.360397637,N/A,0.04,,0.04,4,139,0.565
1,-0.519257785,-1.170804624,-0.842005272,-0.009915057,0.782047997,0.360397637,N/A,0.04,,0.04,4,139,0.566
1,-0.74268651,-1.170804624,-0.842005272,-0.009915057,0.782047997,0.360397637,N/A,0.04,,0.04,4,139,0.566
1,-0.295829059,-0.158322152,-0.842005272,-0.009915057,-1.277345062,-0.047794669,NA,0.196,0.212,NA,4,156,0.055
1,-0.295829059,-1.384983608,-0.842005272,0.010469946,0.782047997,-1.68056389,,0.011,0.043,0.032,4,139,0.392
1,0.430314297,-0.120771291,-0.797389488,-0.009915057,-1.277345062,0.360397637,0.02,0.21,0.22,NA,4,158,0.14
1,-0.295829059,0.207451048,-0.797389488,-0.009915057,-1.277345062,0.768589942,0.02,0.24,0.24,NA,4,158,0.02
1,-0.295829059,-0.695160386,-0.797389488,-0.009915057,-1.277345062,-1.68056389,0.02,0.167,0.21,,4,159,0.332
1,0.597885841,-0.258457781,-0.797389488,-0.009915057,-1.277345062,-1.408435687,0.03,0.455,0.487,NA,3,162,0.22
1,0.821314566,-0.818939149,-0.797389488,0.092009956,-1.277345062,0.360397637,0.04,0.417,,,3,158,0.16
1,0.374457116,-0.818939149,-0.797389488,0.092009956,-1.277345062,0.360397637,0.04,0.417,0.428,,3,158,0.16
1,-2.53011631,-0.672908024,-0.797389488,-0.009915057,0.782047997,0.360397637,N/A,0.018,,0.028,6,138,0.298
1,-1.63640141,-0.672908024,-0.797389488,-0.009915057,0.782047997,0.360397637,N/A,0.008,,0.033,5,139,0.115
1,-2.306687585,-0.672908024,-0.797389488,0.04104745,0.782047997,-0.319922872,N/A,0.012,,0.039,6,139,0.294
1,-2.53011631,-0.672908024,-0.797389488,0.04104745,0.782047997,-0.319922872,N/A,0.012,,0.039,6,139,0.294
1,1.268172016,-1.507371599,-0.797389488,-0.009915057,0.782047997,0.224333535,N/A,0.028,,0.064,3,149,0.614
1,1.044743291,-1.507371599,-0.797389488,-0.009915057,0.782047997,0.224333535,N/A,0.041,,0.066,3,149,0.584
1,-0.314597072,-1.090139811,-0.797389488,-0.213765083,0.782047997,0.360397637,NA,0.01,NA,0.04,4,141,0.39
1,-0.072400334,-0.685424977,-0.797389488,0.04104745,0.782047997,0.360397637,NA,0.014,,0.058,4,144,0.148
1,0.151028391,-0.96218873,-0.797389488,-0.060877563,0.782047997,0.360397637,NA,0.033,NA,0.064,4,144,0.218
1,-0.519257785,-0.953844094,-0.797389488,-0.060877563,0.782047997,0.360397637,,0.008,0.033,0.025,4,142,0.245
1,-0.74268651,-0.953844094,-0.797389488,-0.060877563,0.782047997,0.360397637,,0.008,0.033,0.025,4,142,0.245
1,0.374457116,-1.030336588,-0.797389488,-0.009915057,0.782047997,0.360397637,,0.036,,0.036,3,144,0.384
1,1.268172016,-1.505980826,-0.797389488,-0.009915057,0.782047997,0.360397637,,0.025,,0.071,4,144,0.209
1,0.151028391,-0.13606979,-0.797389488,-0.009915057,-1.277345062,0.768589942,,0.229,0.249,,4,158,0.115
1,-0.072400334,-0.126334382,-0.752773703,-0.060877563,-1.277345062,0.768589942,0,0.199,0.21,0.011,4,163,0.085
1,-0.295829059,0.207451048,-0.752773703,0.04104745,-1.277345062,0.768589942,0,0.11,0.15,NA,4,161,0.11
1,0.430314297,-0.120771291,-0.752773703,0.015566197,-1.277345062,0.360397637,0,0.11,0.15,NA,4,161,0.21
1,-0.519257785,-0.126334382,-0.752773703,-0.009915057,-1.277345062,0.768589942,0,0.218,0.229,,4,163,0.045
1,-0.072400334,-0.158322152,-0.752773703,-0.009915057,-1.277345062,0.768589942,0.02,0.23,0.267,NA,4,160,0.15
1,0.151028391,-0.133288245,-0.752773703,-0.060877563,-1.277345062,-0.047794669,0.02,0.197,0.224,,4,165,0.092
1,0.151028391,-0.158322152,-0.752773703,-0.009915057,-1.277345062,1.721038655,0.02,0.237,0.279,,4,165,0.178
1,0.374457116,-0.126334382,-0.752773703,0.092009956,-1.277345062,0.360397637,0.03,0.34,0.374,,3,160,0.15
1,0.597885841,0.142084735,-0.752773703,0.04104745,-1.277345062,0.768589942,0.04,0.406,,0.043,3,161,0.336
1,0.374457116,0.142084735,-0.752773703,0.04104745,-1.277345062,0.768589942,0.04,0.455,,0.051,3,164,0.187
1,0.821314566,-1.02060118,-0.752773703,-0.11184007,0.782047997,0.224333535,N/A,0.033,,0.047,3,147,0.662
1,1.044743291,-1.02060118,-0.752773703,-0.11184007,0.782047997,0.224333535,N/A,0.033,,0.047,3,147,0.662
1,1.044743291,-1.507371599,-0.752773703,-0.264727589,0.782047997,-0.319922872,N/A,0.022,,0.077,3,149,0.517
1,1.268172016,-1.507371599,-0.752773703,-0.264727589,0.782047997,-0.319922872,N/A,0.029,,0.106,3,149,0.828
1,1.044743291,-0.96218873,-0.752773703,-0.060877563,0.782047997,0.360397637,NA,0.025,,0.068,4,146,0.258
1,-1.506812749,-0.672908024,-0.752773703,0.04104745,0.782047997,-0.319922872,NA,0.007,NA,0.039,5,142,0.262
1,-1.897813018,-0.672908024,-0.752773703,0.04104745,0.782047997,-0.319922872,NA,0.007,NA,0.039,5,142,0.262
1,-0.072400334,-1.384983608,-0.752773703,-0.060877563,0.782047997,-1.68056389,,0.008,0.039,0.031,4,145,0.278
1,-0.295829059,-0.953844094,-0.752773703,-0.060877563,0.782047997,0.360397637,,0.011,0.052,0.041,4,145,0.361
1,0.821314566,-1.505980826,-0.752773703,-0.009915057,0.782047997,0.360397637,,0.012,,0.052,3,146,0.42
1,-0.295829059,0.207451048,-0.708157919,0.010469946,-1.277345062,0.768589942,0,0.087,0.131,NA,4,164,0.209
1,-0.295829059,0.207451048,-0.708157919,0.04104745,-1.277345062,0.768589942,0,0.11,0.15,NA,4,163,0.11
1,-0.74268651,-0.158322152,-0.708157919,-0.009915057,-1.277345062,1.721038655,0.01,0.121,0.149,NA,5,164,0.267
1,0.430314297,-0.120771291,-0.708157919,-0.060877563,-1.277345062,0.360397637,0.02,0.28,0.29,NA,3,165,0.16
1,0.374457116,0.142084735,-0.708157919,-0.009915057,-1.277345062,0.224333535,0.04,0.378,,0.048,3,170,0.336
1,0.151028391,0.142084735,-0.708157919,-0.009915057,-1.277345062,0.224333535,0.04,0.378,,0.048,3,170,0.336
1,1.268172016,-0.258457781,-0.708157919,-2.405152862,-1.277345062,1.721038655,0.04,0.406,,NA,3,167,0.158
1,-0.74268651,-0.158322152,-0.708157919,0.092009956,-1.277345062,1.721038655,0.13,0.14,0.16,NA,5,163,0.13
1,-0.74268651,-0.672908024,-0.708157919,-0.11184007,0.782047997,1.040718146,NA,0.019,NA ,0.035,5,146,0.387
1,-1.506812749,-0.672908024,-0.708157919,0.04104745,0.782047997,0.768589942,NA,0.009,NA,0.038,5,143,0.492
1,-1.897813018,-0.672908024,-0.708157919,0.04104745,0.782047997,0.768589942,NA,0.009,NA,0.038,5,143,0.492
1,-0.295829059,-0.682643432,-0.708157919,-0.009915057,0.782047997,0.360397637,,0.012,0.043,0.031,4,152,0.425
1,0.597885841,-1.030336588,-0.708157919,-0.11184007,0.782047997,0.360397637,,0.01,0.044,0.034,3,150,0.4
1,0.597885841,-1.030336588,-0.708157919,-0.009915057,0.782047997,0.360397637,,0.02,,0.038,3,150,0.32
1,-0.519257785,-0.953844094,-0.708157919,-0.060877563,0.782047997,-1.68056389,,0.007,0.051,0.044,4,146,0.216
1,-0.74268651,-0.953844094,-0.708157919,-0.060877563,0.782047997,-1.68056389,,0.007,0.051,0.044,4,146,0.216
1,-0.072400334,-0.949671776,-0.708157919,-0.009915057,0.782047997,0.360397637,,0.013,0.069,0.056,4,146,0.582
1,-0.314597072,-0.116598973,-0.663542135,-0.060877563,-1.277345062,0.768589942,0.02,0.22,0.23,NA,4,167,0.1
1,-0.295829059,-0.96775182,-0.663542135,0.092009956,0.782047997,0.360397637,N/A,0.022,,0.032,4,154,0.483
1,-0.519257785,-0.96775182,-0.663542135,0.092009956,0.782047997,0.360397637,N/A,0.022,,0.032,4,154,0.483
1,-0.74268651,-0.96775182,-0.663542135,0.092009956,0.782047997,0.360397637,N/A,0.022,,0.032,4,154,0.483
1,-0.072400334,-0.96775182,-0.663542135,-0.009915057,0.782047997,0.360397637,N/A,0.019,,0.037,4,150,0.586
1,-0.295829059,-0.96775182,-0.663542135,-0.009915057,0.782047997,0.360397637,N/A,0.019,,0.037,4,150,0.586
1,-1.859830135,-0.672908024,-0.663542135,-0.11184007,0.782047997,-0.319922872,N/A,0.016,,0.052,5,145,0.439
1,-2.08325886,-0.672908024,-0.663542135,-0.11184007,0.782047997,-0.319922872,N/A,0.016,,0.052,5,145,0.439
1,0.374457116,-1.088749039,-0.663542135,-0.101647568,0.782047997,-1.68056389,NA,0.01,NA,0.07,4,150,0.72
1,1.268172016,-1.505980826,-0.663542135,-0.009915057,0.782047997,0.360397637,,0.012,,0.048,3,151,0.564
1,1.044743291,-1.505980826,-0.663542135,-0.009915057,0.782047997,0.360397637,,0.012,,0.048,3,149,0.564
1,-0.295829059,-0.158322152,-0.61892635,0.092009956,-1.277345062,1.721038655,0,0.192,0.205,NA,4,173,0.033
1,-0.74268651,-0.158322152,-0.61892635,0.092009956,-1.277345062,1.721038655,0,0.192,0.205,NA,4,173,0.033
1,0.151028391,-0.158322152,-0.61892635,-0.009915057,-1.277345062,0.768589942,0.02,0.23,0.267,NA,4,172,0.15
1,1.268172016,0.142084735,-0.61892635,0.142972463,-1.277345062,0.224333535,0.03,0.396,,0.042,3,168,0.212
1,1.044743291,0.142084735,-0.61892635,0.142972463,-1.277345062,0.224333535,0.03,0.396,,0.042,3,168,0.212
1,0.597885841,0.142084735,-0.61892635,-0.009915057,-1.277345062,0.224333535,0.04,0.411,,0.024,3,175,0.287
1,1.268172016,-0.258457781,-0.61892635,-0.11184007,-1.277345062,-1.68056389,0.04,0.299,0.34,,3,173,0.207
1,1.044743291,-0.258457781,-0.61892635,-0.11184007,-1.277345062,-1.68056389,0.04,0.299,0.34,,3,173,0.207
1,1.044743291,-0.126334382,-0.61892635,0.092009956,-1.277345062,0.360397637,0.04,0.327,0.348,,3,169,0.134
1,0.821314566,-0.126334382,-0.61892635,0.092009956,-1.277345062,0.360397637,0.04,0.327,0.348,,3,169,0.134
1,0.597885841,-0.126334382,-0.61892635,0.092009956,-1.277345062,0.360397637,0.04,0.327,0.348,,3,169,0.134
1,-0.74268651,0.207451048,-0.61892635,-0.009915057,-1.277345062,-1.136307483,0.4,0.081,90,NA,5,169,0.05
1,0.821314566,-1.02060118,-0.61892635,-0.162802576,0.782047997,-0.319922872,N/A,0.035,,0.068,3,155,0.628
1,1.044743291,-1.02060118,-0.61892635,-0.162802576,0.782047997,-0.319922872,N/A,0.035,,0.068,3,155,0.628
1,1.268172016,-0.96218873,-0.61892635,0.04104745,0.782047997,0.360397637,,0.023,,0.043,4,154,0.251
1,1.268172016,-1.030336588,-0.61892635,-0.11184007,0.782047997,0.360397637,,0.01,,0.044,3,154,0.49
1,0.597885841,-1.030336588,-0.61892635,-0.11184007,0.782047997,0.360397637,,0.01,0.054,0.044,3,154,0.49
1,0.430314297,-0.120771291,-0.574310566,0.076721204,-1.277345062,0.360397637,0.03,0.43,0.43,NA,3,173,0.04
1,0.821314566,-0.258457781,-0.574310566,-0.213765083,-1.277345062,-1.68056389,0.03,0.432,0.456,NA,3,176,0.115
1,1.268172016,-0.258457781,-0.574310566,-0.213765083,-1.277345062,-1.68056389,0.03,0.432,0.456,NA ,3,176,0.115
1,1.044743291,-0.258457781,-0.574310566,-0.213765083,-1.277345062,-1.68056389,0.03,0.432,0.456,NA ,3,176,0.115
1,-0.74268651,0.207451048,-0.574310566,-0.009915057,-1.277345062,-1.136307483,0.4,0.081,90,NA,5,171,0.049
1,-0.072400334,-0.158322152,-0.574310566,-0.009915057,-1.277345062,-1.408435687,AN,0.167,0.209,na,4,175,0.224
1,-1.859830135,-0.645092571,-0.574310566,-0.11184007,0.782047997,-0.319922872,N/A,0.007,,0.026,6,153,0.236
1,-2.08325886,-0.645092571,-0.574310566,-0.11184007,0.782047997,-0.319922872,N/A,0.007,,0.026,6,153,0.236
1,-2.306687585,-0.645092571,-0.574310566,-0.11184007,0.782047997,-0.319922872,N/A,0.007,,0.026,6,153,0.236
1,-2.53011631,-0.645092571,-0.574310566,-0.11184007,0.782047997,-0.319922872,N/A,0.007,,0.026,6,153,0.236
1,-2.753545036,-0.645092571,-0.574310566,-0.11184007,0.782047997,-0.319922872,N/A,0.007,,0.26,6,153,0.236
1,-0.74268651,-0.672908024,-0.574310566,0.04104745,0.782047997,0.360397637,NA,0.01,NA,0.03,4,152,0.21
1,-0.74268651,-0.672908024,-0.574310566,0.04104745,0.782047997,0.360397637,NA,0.01,NA,0.03,4,153,0.21
1,-0.74268651,-0.400316589,-0.574310566,-0.009915057,0.782047997,0.768589942,NA,0.02,NA,0.03,4,154,0.21
1,-0.74268651,-0.672908024,-0.574310566,-0.162802576,0.782047997,0.768589942,NA,0.011,NA ,0.026,5,153,0.372
1,-2.697687854,-0.116598973,-0.574310566,-0.162802576,0.782047997,-1.136307483,NA,0.023,NA,0.042,6,152,0.309
1,-2.697687854,-0.131897472,-0.574310566,-0.172995078,0.782047997,-1.136307483,NA,0.024,NA,0.042,6,152,0.309
1,-2.697687854,-0.394753499,-0.574310566,0.092009956,0.782047997,1.040718146,NA,0.014,NA,0.047,6,150,0.278
1,0.151028391,-0.96218873,-0.574310566,-0.009915057,0.782047997,0.360397637,,0.019,,0.032,4,156,0.176
1,0.597885841,-0.671517251,-0.574310566,-0.060877563,0.782047997,0.360397637,,0.04,0.081,0.041,3,156,0.44
1,-0.519257785,-0.120771291,-0.529694782,-0.060877563,-1.277345062,0.768589942,0,0.131,,0.033,4,174,0.359
1,-0.519257785,1.231059701,-0.529694782,0.092009956,-1.277345062,1.721038655,0,0.15,0.174,NA,4,172,0.131
1,1.268172016,-0.258457781,-0.529694782,-0.213765083,-1.277345062,-1.272371585,0.003,0.45,,NA,3,178,0.033
1,-0.314597072,0.207451048,-0.529694782,-0.137321323,-1.277345062,0.768589942,0.02,0.22,0.23,NA,4,173,0.16
1,1.044743291,-0.258457781,-0.529694782,-0.009915057,-1.277345062,-1.272371585,0.03,0.45,0.462,,3,178,0.033
1,0.374457116,-0.258457781,-0.529694782,0.04104745,-1.277345062,1.721038655,0.04,0.385,0.405,NA,3,177,0.155
1,1.268172016,-0.258457781,-0.529694782,0.092009956,-1.277345062,0.768589942,0.04,0.387,0.464,,3,178,0.463
1,0.597885841,0.142084735,-0.529694782,-0.060877563,-1.277345062,0.224333535,0.05,0.387,,0.111,3,181,0.206
1,0.374457116,0.142084735,-0.529694782,-0.060877563,-1.277345062,0.224333535,0.05,0.387,,0.111,3,181,0.206
1,0.151028391,0.142084735,-0.529694782,-0.060877563,-1.277345062,0.224333535,0.05,0.387,,0.111,3,181,0.206
1,-0.74268651,0.207451048,-0.529694782,-0.009915057,-1.277345062,-1.136307483,0.4,0.081,90,NA,5,174,0.05
1,-0.74268651,1.231059701,-0.529694782,0.092009956,-1.277345062,0.088269433,0.9,0.165,0.185,NA,5,174,0.208
1,-2.753545036,-0.672908024,-0.529694782,-0.11184007,0.782047997,-0.319922872,N/A,0.022,,0.029,6,152,0.876
1,-1.18954396,-0.672908024,-0.529694782,-0.142417574,0.782047997,0.360397637,N/A,0.019,,0.035,5,151,0.3
1,-1.412972685,-0.672908024,-0.529694782,-0.142417574,0.782047997,0.360397637,N/A,0.019,,0.035,5,151,0.3
1,-0.966115235,-0.672908024,-0.529694782,-0.142417574,0.782047997,0.360397637,N/A,0.032,,0.035,5,151,0.3
1,-0.295829059,-0.672908024,-0.529694782,-0.009915057,0.782047997,0.360397637,N/A,0.016,,0.037,4,156,0.318
1,-0.072400334,-0.96775182,-0.529694782,0.092009956,0.782047997,0.360397637,N/A,0.035,,0.037,4,158,0.595
1,-0.072400334,-0.672908024,-0.529694782,-0.009915057,0.782047997,0.360397637,N/A,0.016,,0.038,4,158,0.358
1,-0.295829059,-0.672908024,-0.529694782,-0.009915057,0.782047997,0.360397637,N/A,0.016,,0.038,4,158,0.358
1,-0.519257785,-0.672908024,-0.529694782,-0.009915057,0.782047997,0.360397637,N/A,0.016,,0.038,4,158,0.358
1,-0.74268651,-0.672908024,-0.529694782,-0.009915057,0.782047997,0.360397637,N/A,0.016,,0.038,4,158,0.358
1,-1.412972685,-0.672908024,-0.529694782,-0.009915057,0.782047997,0.360397637,N/A,0.019,,0.04,5,149,0.223
1,-1.412972685,-0.672908024,-0.529694782,-0.009915057,0.782047997,0.360397637,N/A,0.019,,0.04,5,149,0.233
1,0.821314566,-0.811985286,-0.529694782,-0.11184007,0.782047997,0.360397637,N/A,0.028,,0.052,3,160,0.684
1,-0.295829059,-1.170804624,-0.529694782,-0.060877563,0.782047997,-1.68056389,N/A,0.028,,0.084,4,161,0.705
1,-0.519257785,-1.170804624,-0.529694782,-0.060877563,0.782047997,-1.68056389,N/A,0.028,,0.084,4,159,0.705
1,-0.74268651,-1.170804624,-0.529694782,-0.060877563,0.782047997,-1.68056389,N/A,0.028,,0.084,4,161,0.705
1,-0.74268651,-1.170804624,-0.529694782,-0.060877563,0.782047997,-1.68056389,N/A,0.028,,0.084,4,159,0.705
1,1.268172016,-0.811985286,-0.529694782,-0.11184007,0.782047997,0.360397637,N/A,0.084,,0.087,3,158,0.504
1,-0.295829059,-0.672908024,-0.529694782,0.04104745,0.782047997,0.768589942,NA,0.046,,0.025,4,158,0.066
1,-0.74268651,-0.400316589,-0.529694782,-0.009915057,0.782047997,0.768589942,NA,0.02,NA,0.03,4,155,0.21
1,-0.74268651,-0.418396633,-0.529694782,0.092009956,0.782047997,0.768589942,NA,0.034,,0.043,5,153,0.303
1,0.374457116,-0.672908024,-0.529694782,0.04104745,0.782047997,0.768589942,NA,0.051,,0.065,4,158,0.26
1,-0.74268651,-0.672908024,-0.529694782,-0.162802576,0.782047997,0.768589942,NA,0.011,NA ,0.026,5,154,0.371
1,-2.697687854,-0.394753499,-0.529694782,0.092009956,0.782047997,1.040718146,NA,0.014,NA,0.047,6,153,0.278
1,-0.295829059,0.856941865,-0.485078997,-0.060877563,-1.277345062,-1.408435687,0,0.141,0.16,NA,4,179,0.214
1,-0.295829059,-0.13606979,-0.485078997,0.092009956,-1.277345062,1.721038655,0,0.191,0.201,NA,4,177,0.01
1,-0.74268651,0.207451048,-0.485078997,-0.009915057,-1.277345062,-1.136307483,0.4,0.081,90,NA,5,176,0.049
1,0.821314566,-0.811985286,-0.485078997,-0.11184007,0.782047997,0.360397637,N/A,0.028,,0.052,3,160,0.684
1,1.044743291,-0.811985286,-0.485078997,-0.11184007,0.782047997,0.360397637,N/A,0.028,,0.052,3,160,0.684
1,0.597885841,-0.811985286,-0.485078997,-0.11184007,0.782047997,0.360397637,N/A,0.028,,0.052,3,160,0.684
1,0.374457116,-0.811985286,-0.485078997,-0.11184007,0.782047997,0.360397637,N/A,0.028,,0.052,3,160,0.684
1,0.151028391,-0.811985286,-0.485078997,-0.11184007,0.782047997,0.360397637,N/A,0.028,,0.052,3,160,0.684
1,-0.072400334,-0.811985286,-0.485078997,-0.11184007,0.782047997,0.360397637,N/A,0.028,,0.052,3,160,0.684
1,-0.295829059,-0.672908024,-0.485078997,-0.11184007,0.782047997,0.360397637,N/A,0.026,,0.062,4,162,0.236
1,-0.74268651,-0.677080342,-0.485078997,-0.009915057,0.782047997,-0.047794669,NA,0.019,,0.024,4,159,0.24
1,-0.74268651,-0.672908024,-0.485078997,0.04104745,0.782047997,0.768589942,NA,0.01,NA,0.03,4,158,0.23
1,-0.74268651,-0.400316589,-0.485078997,0.04104745,0.782047997,-0.319922872,NA,0.01,NA,0.04,4,157,0.24
1,0.430314297,-0.951062549,-0.485078997,-0.11184007,0.782047997,0.360397637,NA,0.02,NA,0.07,4,159,0.47
1,-0.072400334,-0.949671776,-0.485078997,-0.11184007,0.782047997,-1.68056389,,0.13,0.044,0.031,4,159,0.221
1,0.151028391,-0.13606979,-0.485078997,-0.162802576,-1.277345062,-0.047794669,,0.193,0.217,,4,177,0.106
1,-0.519257785,-0.120771291,-0.440463213,0.000277445,-1.277345062,0.768589942,0,0.174,,0.021,4,179,0.213
1,-0.314597072,-0.116598973,-0.440463213,-0.009915057,-1.277345062,0.768589942,0,0.15,0.21,NA,4,178,0.21
1,-0.072400334,0.856941865,-0.440463213,-0.009915057,-1.277345062,-1.408435687,0,0.188,0.21,NA,4,179,0.166
1,1.268172016,-0.149977516,-0.440463213,-0.060877563,-1.277345062,0.224333535,0.04,0.388,,0.029,3,179,0.35
1,-0.74268651,1.231059701,-0.440463213,-0.162802576,-1.277345062,1.448910451,0.09,0.165,0.185,NA,5,179,0.208
1,-0.74268651,0.207451048,-0.440463213,-0.009915057,-1.277345062,-1.136307483,1.6,0.064,74,NA,5,178,0.086
1,-0.74268651,-0.672908024,-0.440463213,-0.009915057,0.782047997,-1.68056389,N/A,0.014,,0.044,4,159,0.192
1,-1.412972685,-0.672908024,-0.440463213,-0.009915057,0.782047997,-1.68056389,N/A,0.009,,0.054,5,159,0.344
1,-1.18954396,-0.672908024,-0.440463213,-0.11184007,0.782047997,0.496461739,N/A,0.026,,0.062,4,159,0.236
1,-0.295829059,-0.96775182,-0.440463213,-0.009915057,0.782047997,-1.68056389,N/A,0.026,,0.075,4,163,0.301
1,-0.519257785,-1.170804624,-0.440463213,-0.009915057,0.782047997,-1.68056389,N/A,0.026,,0.075,4,161,0.301
1,-0.74268651,-0.96775182,-0.440463213,-0.009915057,0.782047997,-1.68056389,N/A,0.026,,0.075,4,163,0.301
1,0.374457116,-0.813376059,-0.440463213,0.025758698,0.782047997,0.360397637,NA,0.013,NA,0.063,4,162,0.621
1,0.430314297,-0.951062549,-0.440463213,-0.11184007,0.782047997,0.360397637,NA,0.02,NA,0.07,4,159,0.47
1,0.151028391,-0.672908024,-0.440463213,0.04104745,0.782047997,0.768589942,,0.044,,0.023,4,163,0.068
1,0.821314566,-1.505980826,-0.440463213,-0.162802576,0.782047997,-1.68056389,,0.048,,0.054,3,161,0.432
1,1.268172016,-0.816157604,-0.440463213,0.04104745,0.782047997,0.360397637,,0.036,,0.058,3,164,0.444
1,0.597885841,-0.816157604,-0.440463213,0.04104745,0.782047997,0.360397637,,0.036,0.096,0.06,3,164,0.44
1,1.268172016,-0.96218873,-0.440463213,-0.009915057,0.782047997,0.360397637,,0.04,,0.074,4,163,0.121
1,-0.519257785,1.231059701,-0.395847428,0.092009956,-1.277345062,1.312846349,0,0.11,0.139,NA,5,182,0.219
1,-0.519257785,-0.126334382,-0.395847428,0.092009956,-1.277345062,0.768589942,0,0.203,0.211,,4,180,0.064
1,1.268172016,0.576005794,-0.395847428,0.04104745,-1.277345062,0.768589942,0.03,0.319,,NA ,3,186,0.308
1,-1.18954396,-0.645092571,-0.395847428,-0.009915057,0.782047997,0.768589942,N/A,0.005,,0.03,5,159,0.215
1,-0.74268651,-0.116598973,-0.395847428,-0.060877563,0.782047997,0.768589942,NA,0.01,NA,0.03,4,163,0.34
1,-0.74268651,-0.400316589,-0.395847428,0.04104745,0.782047997,-0.319922872,NA,0.01,NA,0.04,4,158,0.24
1,-0.295829059,-0.951062549,-0.395847428,-0.162802576,0.782047997,0.360397637,NA,0.011,NA,0.041,4,163,0.476
1,-0.295829059,-0.672908024,-0.395847428,-0.11184007,0.782047997,1.040718146,NA,0.028,NA,0.045,4,161,0.584
1,0.374457116,-1.088749039,-0.395847428,-0.167898827,0.782047997,-1.68056389,NA,0.03,NA,0.06,4,165,0.23
1,1.268172016,-0.816157604,-0.395847428,-0.060877563,0.782047997,0.360397637,,0.02,,0.018,3,166,0.2
1,0.597885841,-0.816157604,-0.395847428,-0.060877563,0.782047997,0.360397637,,0.02,0.038,0.018,3,166,0.2
1,-0.295829059,-0.682643432,-0.395847428,-0.11184007,0.782047997,-1.68056389,,0.018,0.052,0.034,4,165,0.368
1,-0.072400334,-0.949671776,-0.395847428,-0.11184007,0.782047997,-1.68056389,,0.024,0.061,0.037,4,165,0.334
1,0.374457116,-1.030336588,-0.395847428,-0.060877563,0.782047997,-1.68056389,,0.036,,0.037,3,164,0.312
1,0.597885841,-0.671517251,-0.395847428,-0.009915057,0.782047997,0.360397637,,0.05,,0.047,3,165,0.36
1,1.044743291,-1.505980826,-0.395847428,-0.162802576,0.782047997,-1.68056389,,0.04,,0.066,3,165,0.456
1,1.268172016,-1.505980826,-0.395847428,-0.162802576,0.782047997,-1.68056389,,,,0.066,3,165,0.456
1,1.268172016,-0.96218873,-0.395847428,0.04104745,0.782047997,0.360397637,,0.04,,0.086,4,166,0.301
1,1.268172016,-0.96218873,-0.395847428,0.04104745,0.782047997,0.360397637,,0.074,,0.086,3,166,0.301
1,-0.314597072,0.207451048,-0.351231644,-0.19338008,-1.277345062,0.768589942,0,0.13,0.14,NA,4,185,0.12
1,1.268172016,0.576005794,-0.351231644,-0.009915057,-1.277345062,0.768589942,0.03,0.318,0.374,,3,189,0.314
1,1.044743291,0.576005794,-0.351231644,-0.009915057,-1.277345062,0.768589942,0.03,0.318,0.374,,3,189,0.314
1,-0.072400334,-0.126334382,-0.351231644,0.04104745,-1.277345062,0.768589942,0.04,0.218,0.226,0.008,4,184,0.148
1,1.268172016,0.576005794,-0.351231644,-0.009915057,-1.277345062,0.768589942,0.04,0.347,0.409,,3,189,0.509
1,-2.753545036,-0.672908024,-0.351231644,-0.009915057,0.782047997,0.496461739,N/A,0.041,,0.03,6,161,0.489
1,-0.072400334,-0.672908024,-0.351231644,-0.009915057,0.782047997,-1.68056389,N/A,0.014,,0.044,4,166,0.197
1,-0.295829059,-0.672908024,-0.351231644,-0.009915057,0.782047997,-1.68056389,N/A,0.014,,0.044,4,166,0.197
1,-1.18954396,-0.672908024,-0.351231644,-0.290208842,0.782047997,-0.319922872,N/A,0.009,,0.045,5,159,0.311
1,-1.412972685,-0.672908024,-0.351231644,-0.290208842,0.782047997,-0.319922872,N/A,0.009,,0.045,5,159,0.311
1,-1.412972685,2.244932945,-0.351231644,-0.290208842,0.782047997,0.768589942,N/A,0.009,,0.045,5,262,0.311
1,-0.966115235,-0.672908024,-0.351231644,-0.290208842,0.782047997,-0.319922872,N/A,0.042,,0.045,5,159,0.311
1,-0.74268651,-0.394753499,-0.351231644,0.092009956,0.782047997,0.768589942,NA,0.02,NA,0.02,4,165,0.2
1,-0.74268651,-0.116598973,-0.351231644,-0.009915057,0.782047997,-0.319922872,NA,0.01,NA,0.04,4,164,0.19
1,-0.74268651,-0.116598973,-0.351231644,-0.009915057,0.782047997,-0.319922872,NA,0.01,NA,0.04,4,165,0.19
1,-0.74268651,-0.394753499,-0.351231644,0.04104745,0.782047997,1.040718146,NA,0.01,NA,0.05,4,164,0.26
1,0.430314297,-0.672908024,-0.351231644,-0.11184007,0.782047997,0.360397637,NA,0.03,NA,0.06,4,168,0.55
1,0.374457116,-0.813376059,-0.351231644,0.025758698,0.782047997,0.360397637,NA,0.013,NA,0.063,4,165,0.621
1,0.430314297,-0.672908024,-0.351231644,-0.060877563,0.782047997,0.360397637,NA ,0.03,NA,0.06,4,168,0.55
1,1.268172016,-0.672908024,-0.351231644,-0.060877563,0.782047997,0.360397637,,0.047,,0.083,4,168,0.504
1,-0.519257785,-0.126334382,-0.30661586,0.092009956,-1.277345062,0.768589942,0,0.221,0.225,,4,187,0.04
1,0.151028391,0.576005794,-0.30661586,-0.009915057,-1.277345062,-1.408435687,0.01,0.159,0.204,NA,4,192,0.163
1,0.374457116,0.856941865,-0.30661586,-0.009915057,-1.277345062,0.768589942,0.02,0.215,0.251,NA,4,190,0.232
1,0.821314566,0.576005794,-0.30661586,0.092009956,-1.277345062,0.768589942,0.02,0.3,0.315,NA,3,192,0.093
1,1.044743291,0.576005794,-0.30661586,0.04104745,-1.277345062,0.768589942,0.03,0.373,0.435,NA,3,192,0.311
1,-0.072400334,-0.126334382,-0.30661586,-0.009915057,-1.277345062,0.768589942,0.04,0.218,0.226,0.008,4,187,0.148
1,1.268172016,-0.149977516,-0.30661586,-0.060877563,-1.277345062,0.224333535,0.04,0.388,,0.029,3,188,0.35
1,0.597885841,0.576005794,-0.30661586,-0.009915057,-1.277345062,-1.408435687,0.04,0.288,0.301, na,3,192,0.022
1,-0.74268651,1.231059701,-0.30661586,-0.11184007,-1.277345062,1.448910451,0.04,0.172,0.192,NA,5,189,0.233
1,0.430314297,-0.120771291,-0.30661586,0.035951199,-1.277345062,0.360397637,0.04,0.44,0.44,NA,3,190,0.08
1,0.151028391,-0.126334382,-0.30661586,0.092009956,-1.277345062,0.360397637,0.04,0.364,0.422,,3,187,0.294
1,0.374457116,-0.126334382,-0.30661586,0.092009956,-1.277345062,0.360397637,0.04,0.403,0.568,,3,190,0.441
1,-0.295829059,-0.394753499,-0.30661586,0.04104745,0.782047997,0.768589942,NA,0.02,,0.018,4,169,0.326
1,-0.295829059,-0.672908024,-0.30661586,-0.11184007,0.782047997,0.360397637,NA,0.03,NA,0.059,4,166,0.811
1,-0.74268651,-0.13606979,-0.30661586,0.092009956,0.782047997,-1.408435687,NA,0.023,,0.071,4,167,0.76
1,1.268172016,-0.672908024,-0.30661586,-0.060877563,0.782047997,0.360397637,,0.047,,0.083,4,170,0.504
1,0.430314297,-0.120771291,-0.262000075,0.086913706,-1.277345062,0.360397637,0.02,0.42,0.43,NA,3,191,0.12
1,1.268172016,0.576005794,-0.262000075,-0.009915057,-1.277345062,0.768589942,0.03,0.318,0.374,,3,194,0.314
1,1.268172016,-0.258457781,-0.262000075,-0.11184007,-1.277345062,-1.272371585,0.03,0.412,0.44,,3,194,0.131
1,1.268172016,-0.258457781,-0.262000075,-0.11184007,-1.277345062,-1.272371585,0.03,0.412,0.442,,3,194,0.131
1,0.821314566,0.142084735,-0.262000075,0.030854949,-1.277345062,0.768589942,0.04,0.45,,0.04,3,190,0.43
1,0.597885841,0.142084735,-0.262000075,0.030854949,-1.277345062,0.768589942,0.04,0.45,,0.04,3,190,0.43
1,0.374457116,0.142084735,-0.262000075,0.030854949,-1.277345062,0.768589942,0.04,0.45,,0.04,3,190,0.43
1,-0.072400334,0.142084735,-0.262000075,0.030854949,-1.277345062,0.768589942,0.04,0.45,,0.04,3,190,0.43
1,-0.519257785,0.147647826,-0.262000075,-0.009915057,-1.277345062,0.360397637,0.04,0.312,0.354,,4,190,0.313
1,1.268172016,0.576005794,-0.262000075,-0.009915057,-1.277345062,0.768589942,0.04,0.347,0.409,,3,194,0.509
1,1.044743291,-0.126334382,-0.262000075,0.142972463,-1.277345062,0.360397637,0.05,0.546,0.588,,3,192,0.406
1,0.597885841,-0.126334382,-0.262000075,0.142972463,-1.277345062,0.360397637,0.05,0.546,0.588,,3,192,0.406
1,0.374457116,-0.126334382,-0.262000075,0.142972463,-1.277345062,0.360397637,0.05,0.546,0.588,,3,192,0.406
1,-0.74268651,1.231059701,-0.262000075,-0.11184007,-1.277345062,1.721038655,0.2,0.145,0.165,Na,5,189,0.152
1,-0.74268651,0.207451048,-0.262000075,-0.101647568,-1.277345062,-1.136307483,0.9,0.074,82,NA,5,189,0.044
1,-1.859830135,-0.557473896,-0.262000075,0.092009956,0.782047997,0.768589942,N/A,0.004,,0.024,5,165,0.248
1,-2.08325886,-0.557473896,-0.262000075,0.092009956,0.782047997,0.768589942,N/A,0.004,,0.024,5,165,0.248
1,0.430314297,-0.400316589,-0.262000075,0.04104745,0.782047997,0.360397637,NA,0.05,NA,0.03,4,171,0.48
1,0.430314297,-0.400316589,-0.262000075,0.04104745,0.782047997,0.360397637,NA,0.05,NA,0.03,4,172,0.48
1,-0.295829059,-0.400316589,-0.262000075,0.04104745,0.782047997,0.360397637,NA,0.05,NA,0.03,4,171,0.48
1,-0.295829059,-0.400316589,-0.262000075,0.04104745,0.782047997,0.360397637,NA,0.05,NA,0.03,4,172,0.48
1,-0.314597072,-0.394753499,-0.262000075,-0.060877563,0.782047997,0.360397637,NA,0.01,NA,0.04,4,170,0.422
1,0.430314297,-0.672908024,-0.262000075,-0.060877563,0.782047997,0.360397637,NA,0.03,NA,0.06,4,172,0.55
1,1.268172016,-0.672908024,-0.262000075,0.092009956,0.782047997,0.360397637,,0.042,,0.059,4,173,0.191
1,1.044743291,-0.672908024,-0.262000075,-0.009915057,0.782047997,0.360397637,,0.032,,0.061,4,173,0.353
1,-0.072400334,-0.126334382,-0.217384291,-0.11184007,-1.277345062,-1.68056389,0,0.193,0.194,0.001,4,191,0.056
1,-0.295829059,0.856941865,-0.217384291,-0.060877563,-1.277345062,-1.408435687,0,0.232,0.279,NA,4,194,0.35
1,-0.519257785,-0.126334382,-0.217384291,-0.11184007,-1.277345062,-1.68056389,0,0.242,0.248,,4,191,0.062
1,0.597885841,0.576005794,-0.217384291,0.092009956,-1.277345062,0.768589942,0.01,0.216,0.259, NA,4,196,0.173
1,0.374457116,0.576005794,-0.217384291,-0.009915057,-1.277345062,-1.408435687,0.02,0.177,0.217,NA,4,197,0.158
1,-0.072400334,0.147647826,-0.217384291,-0.009915057,-1.277345062,0.360397637,0.05,0.315,0.353,0.038,4,191,0.311
1,0.374457116,-0.13606979,-0.217384291,0.04104745,0.782047997,0.360397637,NA,0.035,,0.082,4,175,0.193
1,-0.519257785,-0.671517251,-0.217384291,0.092009956,0.782047997,0.360397637,,0.01,0.04,0.03,4,174,0.36
1,1.268172016,-1.030336588,-0.217384291,-0.162802576,0.782047997,-1.68056389,,0.01,,0.07,3,176,0.65
1,0.597885841,-1.030336588,-0.217384291,-0.162802576,0.782047997,-1.68056389,,0.01,0.08,0.07,3,176,0.65
1,-0.072400334,-0.435085905,-0.172768507,-0.009915057,0.782047997,0.360397637,N/A,0.005,,0.032,4,177,0.428
1,0.821314566,-0.435085905,-0.172768507,-0.060877563,0.782047997,0.496461739,N/A,0.01,,0.05,3,177,0.64
1,0.597885841,-0.435085905,-0.172768507,-0.060877563,0.782047997,0.496461739,N/A,0.01,,0.05,3,177,0.64
1,0.374457116,-0.435085905,-0.172768507,-0.060877563,0.782047997,0.360397637,N/A,0.01,,0.05,3,177,0.64
1,-0.295829059,-0.672908024,-0.172768507,-0.060877563,0.782047997,-1.68056389,N/A,0.014,,0.053,4,175,0.251
1,-0.74268651,-0.131897472,-0.172768507,-0.015011307,0.782047997,0.768589942,NA,0.01,NA,0.02,4,174,0.32
1,-0.74268651,-0.394753499,-0.172768507,0.04104745,0.782047997,0.768589942,NA,0.036,,0.046,5,172,0.31
1,0.430314297,-0.400316589,-0.172768507,-0.009915057,0.782047997,0.768589942,NA,0.01,NA,0.06,3,178,1.01
1,1.268172016,-0.671517251,-0.172768507,-0.060877563,0.782047997,0.360397637,,0.024,,0.042,3,176,0.528
1,0.597885841,-0.671517251,-0.172768507,-0.060877563,0.782047997,0.360397637,,0.024,0.066,0.042,3,176,0.528
1,-0.295829059,0.142084735,-0.128152722,0.005373695,-1.277345062,0.768589942,0.02,0.233,,0.029,4,201,0.137
1,0.821314566,-0.435085905,-0.128152722,0.04104745,0.782047997,0.360397637,N/A,0.02,,0.024,3,180,0.589
1,1.044743291,-0.435085905,-0.128152722,0.04104745,0.782047997,0.360397637,N/A,0.02,,0.024,3,180,0.589
1,0.374457116,-0.435085905,-0.128152722,0.04104745,0.782047997,0.360397637,N/A,0.02,,0.024,3,180,0.589
1,0.151028391,-0.435085905,-0.128152722,0.04104745,0.782047997,0.360397637,N/A,0.02,,0.024,3,180,0.589
1,-0.072400334,-0.435085905,-0.128152722,0.04104745,0.782047997,0.360397637,N/A,0.02,,0.024,3,180,0.589
1,-0.072400334,-0.397535044,-0.128152722,0.04104745,0.782047997,0.360397637,N/A,0.034,,0.027,4,180,0.751
1,1.268172016,-0.435085905,-0.128152722,0.04104745,0.782047997,0.360397637,N/A,0.054,,0.055,3,180,0.667
1,-0.314597072,-0.116598973,-0.128152722,-0.009915057,0.782047997,1.040718146,NA,0.05,NA,0.03,4,179,0.41
1,0.430314297,-0.397535044,-0.128152722,-0.009915057,0.782047997,1.040718146,NA,0.05,NA,0.03,4,179,0.41
1,-0.74268651,-0.13606979,-0.128152722,0.092009956,0.782047997,1.721038655,NA,0.029,,0.034,5,174,0.386
1,-0.74268651,-0.131897472,-0.128152722,-0.122032571,0.782047997,1.040718146,NA,0.01,NA,0.04,4,177,0.28
1,0.430314297,-0.672908024,-0.128152722,0.04104745,0.782047997,0.360397637,NA,0.02,NA,0.04,4,178,0.57
1,-0.314597072,-0.672908024,-0.128152722,0.04104745,0.782047997,0.360397637,NA,0.02,NA,0.04,4,178,0.57
1,1.268172016,-0.671517251,-0.128152722,-0.009915057,0.782047997,0.360397637,,0.048,,0.043,3,179,0.36
1,0.597885841,-0.126334382,-0.083536938,0.092009956,-1.277345062,0.360397637,0.05,0.592,0.613,,3,202,0.22
1,1.044743291,-0.126334382,-0.083536938,0.092009956,-1.277345062,0.360397637,0.05,0.624,0.643,,3,202,0.201
1,0.151028391,-0.435085905,-0.083536938,0.04104745,0.782047997,0.360397637,N/A,0.02,,0.024,3,183,0.589
1,-0.966115235,-0.117989746,-0.083536938,-0.213765083,0.782047997,-0.319922872,N/A,0.01,,0.044,4,179,0.324
1,-1.18954396,-0.645092571,-0.083536938,0.295859982,0.782047997,-0.319922872,N/A,0.001,,0.056,5,175,0.444
1,-0.74268651,-0.13606979,-0.083536938,-0.060877563,0.782047997,-0.047794669,NA,0.017,NA,0.054,4,181,0.425
1,0.151028391,-0.13606979,-0.083536938,-0.060877563,0.782047997,0.768589942,NA,0.038,,0.07,4,182,0.222
1,0.821314566,-0.671517251,-0.083536938,0.04104745,0.782047997,0.360397637,,0.108,,0.034,3,182,0.204
1,0.597885841,-0.671517251,-0.083536938,0.04104745,0.782047997,0.360397637,,0.108,0.142,0.034,3,182,0.204
1,0.374457116,-0.671517251,-0.083536938,0.04104745,0.782047997,0.360397637,,0.108,,0.034,3,182,0.204
1,0.151028391,-0.672908024,-0.083536938,0.092009956,0.782047997,0.768589942,,0.023,,0.038,4,181,0.12
1,0.597885841,-1.030336588,-0.083536938,-0.060877563,0.782047997,-1.68056389,,0.04,0.081,0.041,3,181,0.47
1,0.597885841,-0.671517251,-0.083536938,-0.009915057,0.782047997,-1.68056389,,0.06,0.104,0.044,3,183,0.32
1,0.597885841,-0.435085905,-0.038921154,-0.009915057,0.782047997,0.224333535,N/A,0.01,,0.035,3,183,0.449
1,0.374457116,-0.435085905,-0.038921154,-0.009915057,0.782047997,0.224333535,N/A,0.01,,0.035,3,183,0.449
1,0.151028391,-0.435085905,-0.038921154,-0.009915057,0.782047997,0.224333535,N/A,0.01,,0.035,3,183,0.449
1,-0.072400334,-0.435085905,-0.038921154,-0.009915057,0.782047997,0.224333535,N/A,0.01,,0.035,3,183,0.449
1,0.430314297,-0.397535044,-0.038921154,-0.009915057,0.782047997,0.360397637,NA,0.01,NA,0.03,4,184,0.37
1,-0.314597072,-0.397535044,-0.038921154,-0.009915057,0.782047997,0.360397637,NA,0.01,NA,0.03,4,184,0.37
1,0.430314297,-0.400316589,-0.038921154,-0.060877563,0.782047997,-1.68056389,NA,0.03,NA,0.04,4,187,0.45
1,-0.295829059,-0.400316589,-0.038921154,-0.060877563,0.782047997,-1.68056389,NA,0.03,NA,0.04,4,187,0.45
1,-0.74268651,-0.13606979,-0.038921154,0.092009956,0.782047997,1.448910451,NA,0.025,,0.056,5,177,0.521
1,-0.519257785,-0.677080342,-0.038921154,-0.009915057,0.782047997,-1.136307483,NA,0.04,,0.074,4,183,0.494
1,0.430314297,-0.400316589,-0.038921154,0.04104745,0.782047997,0.768589942,NA,0.03,NA,0.13,3,185,1.22
1,1.268172016,-0.672908024,-0.038921154,0.04104745,0.782047997,0.360397637,,0.031,,0.055,4,185,0.53
1,0.821314566,-0.435085905,0.005694631,-0.060877563,0.782047997,-1.68056389,N/A,0.031,,0.027,3,188,0.512
1,1.044743291,-0.435085905,0.005694631,-0.060877563,0.782047997,-1.68056389,N/A,0.031,,0.027,3,188,0.512
1,0.597885841,-0.435085905,0.005694631,-0.060877563,0.782047997,-1.68056389,N/A,0.031,,0.027,3,187,0.512
1,0.374457116,-0.435085905,0.005694631,-0.060877563,0.782047997,-1.68056389,N/A,0.031,,0.027,3,187,0.512
1,0.151028391,-0.435085905,0.005694631,-0.060877563,0.782047997,-1.68056389,N/A,0.031,,0.027,3,187,0.512
1,0.821314566,0.142084735,0.005694631,0.04104745,-1.277345062,0.224333535,N/A,0.024,,0.036,3,168,0.355
1,0.821314566,-0.435085905,0.005694631,0.04104745,0.782047997,0.224333535,N/A,0.024,,0.036,3,186,0.355
1,1.268172016,-0.435085905,0.005694631,0.04104745,0.782047997,0.224333535,N/A,0.024,,0.036,3,186,0.355
1,1.044743291,-0.435085905,0.005694631,0.04104745,0.782047997,0.224333535,N/A,0.024,,0.036,3,186,0.355
1,1.268172016,-0.435085905,0.005694631,-0.060877563,0.782047997,-1.68056389,N/A,0.067,,0.068,3,188,0.49
1,0.430314297,-0.672908024,0.005694631,-0.11184007,0.782047997,-1.68056389,NA ,0.02,NA,0.05,4,188,0.45
1,1.268172016,-0.816157604,0.005694631,-0.162802576,0.782047997,-1.68056389,,0.02,,0.043,3,188,0.46
1,0.597885841,-0.816157604,0.005694631,-0.162802576,0.782047997,-1.68056389,,0.02,0.063,0.043,3,188,0.46
1,1.268172016,-0.96218873,0.005694631,0.04104745,0.782047997,-1.68056389,,0.019,,0.062,4,187,0.31
1,1.044743291,-0.96218873,0.005694631,0.04104745,0.782047997,-1.68056389,,0.019,,0.062,4,187,0.31
1,1.268172016,0.576005794,0.050310415,0.04104745,-1.277345062,1.721038655,0.03,0.333,,NA,3,213,0.319
1,1.268172016,0.576005794,0.050310415,-0.009915057,-1.277345062,1.721038655,0.03,0.35,0.371,NA ,3,213,0.041
1,1.268172016,0.527328752,0.050310415,0.066528703,-1.277345062,0.360397637,0.08,0.682,0.73,,3,213,0.24
1,1.268172016,0.527328752,0.050310415,0.066528703,-1.277345062,0.360397637,0.08,0.682,0.73,,3,213,0.242
1,0.430314297,-0.672908024,0.050310415,-0.11184007,0.782047997,-1.68056389,NA,0.02,NA,0.05,4,190,0.45
1,1.268172016,-0.418396633,0.050310415,-0.009915057,0.782047997,0.360397637,NA ,0.036,,0.078,3,190,0.874
1,1.268172016,-0.684034205,0.050310415,-0.060877563,0.782047997,0.360397637,,0.058,,0.061,4,190,0.592
1,1.268172016,-0.96218873,0.050310415,0.04104745,0.782047997,0.360397637,,0.06,,0.095,4,190,0.526
1,0.151028391,1.231059701,0.094926199,0.04104745,-1.277345062,1.312846349,0,0.177,0.215,NA,4,212,0.261
1,-0.519257785,-0.126334382,0.094926199,0.092009956,-1.277345062,-1.68056389,0,0.192,0.194,,4,210,0.097
1,0.151028391,-0.126334382,0.094926199,0.04104745,-1.277345062,-1.68056389,0.03,0.405,0.455,,3,210,0.179
1,-0.072400334,-0.126334382,0.094926199,-0.060877563,-1.277345062,-1.68056389,0.04,0.161,0.17,0.009,4,210,0.216
1,-0.295829059,-0.117989746,0.094926199,-0.213765083,0.782047997,-0.319922872,N/A,0.018,,0.044,4,192,0.324
1,0.821314566,-0.435085905,0.094926199,-0.11184007,0.782047997,-1.68056389,N/A,0.07,,0.07,3,192,0.6
1,0.597885841,-0.435085905,0.094926199,-0.11184007,0.782047997,-1.68056389,N/A,0.07,,0.07,3,192,0.6
1,0.374457116,-0.435085905,0.094926199,-0.11184007,0.782047997,-1.68056389,N/A,0.07,,0.07,3,192,0.6
1,-0.072400334,-0.435085905,0.094926199,-0.11184007,0.782047997,-1.68056389,N/A,0.07,,0.07,3,192,0.6
1,-0.519257785,-0.13606979,0.094926199,0.092009956,0.782047997,-1.136307483,NA,0.043,,0.052,4,192,0.179
1,-0.072400334,-0.677080342,0.094926199,-0.009915057,0.782047997,-1.136307483,NA,0.035,,0.06,4,192,0.434
1,1.044743291,-0.13606979,0.094926199,-0.009915057,0.782047997,-1.408435687,NA,0.037,,0.082,4,192,0.712
1,0.821314566,-0.13606979,0.094926199,-0.009915057,0.782047997,-1.408435687,NA,0.038,,0.088,4,192,0.705
1,0.597885841,-0.148586744,0.094926199,0.092009956,0.782047997,0.360397637,,0.036,0.06,0.024,3,193,0.276
1,0.374457116,-0.148586744,0.094926199,0.092009956,0.782047997,0.360397637,,0.036,,0.024,3,193,0.276
1,-0.072400334,-0.116598973,0.094926199,-0.060877563,0.782047997,0.360397637,,0.014,0.043,0.029,4,190,0.343
1,-0.519257785,-0.116598973,0.094926199,-0.060877563,0.782047997,0.360397637,,0.014,0.043,0.029,4,190,0.343
1,1.268172016,-0.148586744,0.094926199,-0.009915057,0.782047997,0.360397637,,0.024,,0.029,3,192,0.384
1,0.597885841,-0.148586744,0.094926199,-0.009915057,0.782047997,0.360397637,,0.024,0.053,0.029,3,192,0.384
1,0.151028391,-0.117989746,0.094926199,0.04104745,0.782047997,0.360397637,,0.01,,0.03,3,190,0.354
1,-0.519257785,-0.148586744,0.094926199,0.04104745,0.782047997,0.360397637,,0.016,0.048,0.032,4,190,0.4
1,1.268172016,-0.677080342,0.094926199,-0.009915057,0.782047997,0.360397637,,0.054,,0.046,4,192,0.583
1,0.821314566,-0.671517251,0.094926199,0.092009956,0.782047997,0.360397637,,0.036,,0.053,3,191,0.47
1,0.597885841,-0.671517251,0.094926199,-0.009915057,0.782047997,-1.68056389,,0.05,,0.058,3,192,0.36
1,1.268172016,-0.677080342,0.094926199,-0.009915057,0.782047997,0.360397637,,0.054,,0.061,3,192,0.583
1,-0.519257785,0.147647826,0.139541984,-0.009915057,-1.277345062,-1.272371585,0,0.287,0.287,,4,212,0.043
1,-0.072400334,0.147647826,0.139541984,-0.009915057,-1.277345062,-1.272371585,0.02,0.288,0.288,0,4,212,0.041
1,1.268172016,0.576005794,0.139541984,0.092009956,-1.277345062,-1.272371585,0.03,0.418,0.451,,3,219,0.086
1,1.044743291,0.576005794,0.139541984,0.092009956,-1.277345062,-1.272371585,0.03,0.418,0.451,,3,219,0.086
1,-0.74268651,1.25192129,0.139541984,-0.060877563,-1.277345062,-1.272371585,0.05,0.25,0.26,NA,4,214,0.05
1,1.268172016,0.527328752,0.139541984,0.066528703,-1.277345062,0.360397637,0.07,0.064,0.715,,3,219,0.333
1,-0.519257785,-0.120771291,0.139541984,-0.305497594,-1.277345062,-1.136307483,4,0,,0.015,,216,0.076
1,-0.519257785,-0.13606979,0.139541984,0.04104745,0.782047997,-1.408435687,NA,0.018,,0.038,4,194,0.636
1,0.430314297,-0.116598973,0.139541984,-0.009915057,0.782047997,0.360397637,NA,0.02,NA,0.07,4,191,0.49
1,0.430314297,-0.116598973,0.139541984,-0.009915057,0.782047997,0.360397637,NA,0.02,NA,0.07,4,193,0.49
1,-0.295829059,-0.116598973,0.139541984,-0.009915057,0.782047997,0.360397637,NA,0.02,NA,0.07,4,191,0.49
1,-0.295829059,-0.116598973,0.139541984,-0.009915057,0.782047997,0.360397637,NA,0.02,NA,0.07,4,193,0.49
1,0.151028391,-0.418396633,0.139541984,-0.009915057,0.782047997,0.360397637,,0.017,,0.047,4,194,0.646
1,1.268172016,-0.13606979,0.139541984,0.04104745,0.782047997,0.360397637,,0.03,,0.068,4,194,0.794
1,-0.519257785,0.147647826,0.184157768,-0.009915057,-1.277345062,-1.272371585,0,0.287,0.287,,4,218,0.043
1,-0.072400334,0.147647826,0.184157768,-0.009915057,-1.277345062,-1.272371585,0.02,0.288,0.288,0,4,218,0.041
1,1.044743291,0.576005794,0.184157768,0.04104745,-1.277345062,-1.408435687,0.02,0.326,0.36,NA ,3,221,0.041
1,-0.295829059,-0.117989746,0.184157768,-0.060877563,0.782047997,0.768589942,N/A,0.011,,0.028,4,199,0.211
1,0.597885841,-0.435085905,0.184157768,-0.213765083,0.782047997,-1.816627992,N/A,0.082,,0.071,3,199,0.746
1,-0.072400334,0.142084735,0.184157768,-0.213765083,-1.277345062,0.768589942,N/A,0.082,,0.071,3,189,0.746
1,-0.519257785,1.550937405,0.184157768,0.092009956,0.782047997,-1.408435687,NA,0.013,,0.064,4,194,0.205
1,-0.295829059,-0.13606979,0.184157768,0.04104745,0.782047997,0.360397637,NA,0.044,,0.068,4,193,0.682
1,1.268172016,-0.148586744,0.184157768,-0.009915057,0.782047997,0.360397637,,0.024,,0.029,3,196,0.384
1,0.597885841,-0.148586744,0.184157768,-0.009915057,0.782047997,0.360397637,,0.024,0.053,0.029,3,196,0.384
1,0.151028391,-0.117989746,0.184157768,0.04104745,0.782047997,0.360397637,,0.01,,0.03,3,194,0.354
1,1.268172016,-0.671517251,0.184157768,0.04104745,0.782047997,-1.68056389,,0.024,,0.035,3,196,0.432
1,0.597885841,-0.671517251,0.184157768,0.04104745,0.782047997,-1.68056389,,0.024,0.059,0.035,3,196,0.432
1,0.151028391,-0.13606979,0.184157768,-0.213765083,0.782047997,-0.047794669,,0.026,,0.053,4,194,0.251
1,1.268172016,-0.258457781,0.228773553,0.092009956,-1.277345062,0.360397637,0.06,,0.904,,2,224,0.139
1,1.044743291,-0.258457781,0.228773553,0.092009956,-1.277345062,0.360397637,0.06,,0.904,,2,224,0.139
1,1.268172016,0.527328752,0.228773553,0.066528703,-1.277345062,0.360397637,0.07,0.64,0.715,,3,224,0.333
1,-0.072400334,-0.418396633,0.228773553,-0.060877563,0.782047997,0.360397637,NA,0.017,,0.02,4,199,0.446
1,-0.74268651,-0.418396633,0.228773553,-0.060877563,0.782047997,0.360397637,NA,0.017,,0.02,4,199,0.446
1,0.821314566,-0.418396633,0.228773553,-0.060877563,0.782047997,0.360397637,NA,0.022,,0.049,4,199,0.572
1,0.430314297,-0.397535044,0.228773553,-0.009915057,0.782047997,0.768589942,NA,0.08,NA,0.1,4,198,1.21
1,0.430314297,-0.397535044,0.228773553,0.092009956,0.782047997,0.768589942,NA,0.08,NA,0.1,4,211,1.21
1,-0.519257785,-0.671517251,0.228773553,0.092009956,0.782047997,-1.68056389,,0.01,0.04,0.03,4,198,0.37
1,1.268172016,-0.418396633,0.228773553,-0.009915057,0.782047997,0.360397637,,0.037,,0.032,4,199,0.35
1,0.151028391,-0.398925816,0.228773553,0.092009956,0.782047997,0.360397637,,0.02,0.07,0.05,3,198,0.41
1,-0.072400334,1.231059701,0.273389337,0.04104745,-1.277345062,1.312846349,0.01,0.208,0.241,NA,4,224,0.274
1,-0.519257785,-0.120771291,0.273389337,-0.004818806,-1.277345062,0.768589942,0.04,0.344,,0.026,4,224,0.199
1,-0.74268651,-0.120771291,0.273389337,-0.004818806,-1.277345062,0.768589942,0.04,0.344,,0.026,4,224,0.199
1,-0.295829059,0.573224249,0.273389337,0.030854949,-1.277345062,0.360397637,0.04,0.31,0.32,NA,4,221,0.08
1,-0.74268651,0.573224249,0.273389337,0.030854949,-1.277345062,0.360397637,0.04,0.31,0.32,NA,4,221,0.08
1,1.268172016,0.576005794,0.273389337,0.092009956,-1.277345062,-1.272371585,0.04,0.381,0.432,,3,227,0.261
1,1.044743291,-0.126334382,0.273389337,0.04104745,-1.277345062,-1.68056389,0.04,0.562,0.565,,3,224,0.044
1,0.597885841,-0.126334382,0.273389337,0.04104745,-1.277345062,-1.68056389,0.05,0.607,0.613,,3,224,0.067
1,0.374457116,-0.126334382,0.273389337,0.04104745,-1.277345062,-1.68056389,0.05,0.607,0.613,,3,224,0.067
1,-0.295829059,-0.117989746,0.273389337,-0.060877563,0.782047997,0.768589942,N/A,0.016,,0.028,4,204,0.364
1,0.430314297,-0.397535044,0.273389337,-0.009915057,0.782047997,0.768589942,NA,0.04,NA,0.1,3,200,1.23
1,0.821314566,-0.148586744,0.273389337,-0.060877563,0.782047997,0.360397637,,0.084,,0.024,3,202,0.252
1,0.597885841,-0.148586744,0.273389337,-0.060877563,0.782047997,0.360397637,,0.084,0.108,0.024,3,202,0.252
1,-0.072400334,-0.116598973,0.273389337,-0.11184007,0.782047997,-1.68056389,,0.05,0.08,0.03,4,200,0.294
1,-0.519257785,-0.116598973,0.273389337,-0.11184007,0.782047997,-1.68056389,,0.05,0.08,0.03,4,200,0.294
1,1.044743291,-0.677080342,0.273389337,-0.264727589,0.782047997,-1.68056389,,0.044,,0.058,4,202,0.48
1,-1.63640141,0.564879613,0.318005121,-0.009915057,-1.277345062,0.768589942,0.0002,0.221,,0.024,5,224,0.368
1,-0.74268651,0.577396567,0.318005121,0.04104745,-1.277345062,0.360397637,0.04,0.273,0.32,0.047,4,225,0.374
1,-0.519257785,0.577396567,0.318005121,0.04104745,-1.277345062,0.360397637,0.04,0.273,0.32,,4,225,0.374
1,-0.74268651,-0.117989746,0.318005121,-0.162802576,0.782047997,-0.319922872,N/A,0.02,,0.054,4,199,0.228
1,0.430314297,-0.116598973,0.318005121,0.000277445,0.782047997,0.360397637,NA,0.01,NA,0.04,4,202,0.35
1,0.151028391,0.385469945,0.318005121,-0.009915057,0.782047997,0.360397637,,0.007,0.031,0.024,4,198,0.447
1,1.268172016,-0.418396633,0.318005121,-0.009915057,0.782047997,0.360397637,,0.037,,0.032,4,204,0.35
1,0.821314566,-0.398925816,0.318005121,0.092009956,0.782047997,0.360397637,,0.012,,0.035,3,205,0.49
1,1.268172016,-0.148586744,0.318005121,0.092009956,0.782047997,0.360397637,,0.036,,0.054,3,203,0.52
1,0.597885841,-0.418396633,0.362620906,-0.060877563,0.782047997,-1.408435687,NA,0.024,,0.031,4,206,0.526
1,0.430314297,0.389642262,0.362620906,-0.101647568,0.782047997,0.360397637,NA,0.02,NA,0.04,3,206,0.32
1,-0.314597072,-0.116598973,0.362620906,-0.076166315,0.782047997,0.360397637,NA,0.02,NA,0.04,4,202,0.39
1,1.268172016,-0.13606979,0.362620906,0.04104745,0.782047997,0.360397637,,0.016,,0.023,4,206,0.337
1,1.268172016,-0.148586744,0.362620906,0.04104745,0.782047997,-1.68056389,,0.024,,0.031,3,206,0.22
1,0.597885841,-0.148586744,0.362620906,0.04104745,0.782047997,-1.68056389,,0.024,0.055,0.031,3,206,0.22
1,1.268172016,-0.418396633,0.362620906,-0.009915057,0.782047997,0.360397637,,0.037,,0.032,4,206,0.35
1,0.374457116,1.14065948,0.40723669,0.142972463,-1.277345062,0.360397637,0.04,0.444,0.474,,3,222,0.249
1,0.597885841,-0.116598973,0.40723669,-0.264727589,0.782047997,0.768589942,N/A,0.02,,0.05,3,208,0.58
1,0.374457116,-0.116598973,0.40723669,-0.264727589,0.782047997,0.768589942,N/A,0.02,,0.05,3,208,0.58
1,-0.072400334,-0.116598973,0.40723669,-0.264727589,0.782047997,0.768589942,N/A,0.02,,0.05,3,208,0.58
1,0.430314297,-0.116598973,0.40723669,0.092009956,0.782047997,0.360397637,NA,0.04,NA,0.07,4,207,0.39
1,1.268172016,-0.13606979,0.40723669,0.04104745,0.782047997,0.360397637,,0.016,,0.023,4,209,0.337
1,0.151028391,-0.117989746,0.40723669,0.092009956,0.782047997,0.360397637,,0.012,0.05,0.038,3,208,0.552
1,1.044743291,-0.13606979,0.40723669,0.066528703,0.782047997,0.360397637,,0.03,,0.068,4,209,0.685
1,0.151028391,-0.13606979,0.40723669,0.066528703,0.782047997,0.360397637,,0.03,,0.068,4,209,0.685
1,-0.519257785,0.53150107,0.451852474,0.112394959,-1.277345062,0.768589942,0,0.355,,0.041,4,232,0.483
1,-0.74268651,0.53150107,0.451852474,0.112394959,-1.277345062,0.768589942,0,0.355,,0.041,4,232,0.483
1,0.821314566,1.211588884,0.451852474,0.092009956,-1.277345062,0.360397637,0.03,0.616,,0.104,3,232,0.537
1,0.597885841,1.211588884,0.451852474,0.092009956,-1.277345062,0.360397637,0.03,0.616,,0.104,3,232,0.537
1,0.374457116,1.211588884,0.451852474,0.092009956,-1.277345062,0.360397637,0.03,0.616,,0.104,3,232,0.537
1,0.597885841,0.576005794,0.451852474,0.142972463,-1.277345062,1.721038655,0.03,0.365,0.375, NA,3,238,0.037
1,-0.072400334,-0.116598973,0.451852474,-0.11184007,0.782047997,-0.319922872,N/A,0.01,,0.045,4,209,0.51
1,0.821314566,-0.116598973,0.451852474,-0.264727589,0.782047997,-1.136307483,N/A,0.02,,0.05,3,209,0.58
1,0.597885841,-0.116598973,0.451852474,-0.264727589,0.782047997,-1.136307483,N/A,0.02,,0.05,3,209,0.58
1,0.374457116,-0.116598973,0.451852474,-0.264727589,0.782047997,-1.136307483,N/A,0.02,,0.05,3,209,0.58
1,-0.072400334,-0.116598973,0.451852474,-0.264727589,0.782047997,-1.136307483,N/A,0.02,,0.05,3,209,0.58
1,0.430314297,-0.116598973,0.451852474,0.092009956,0.782047997,0.360397637,NA,0.04,NA,0.07,4,211,0.39
1,1.268172016,-0.13606979,0.451852474,0.04104745,0.782047997,0.360397637,,0.016,,0.023,4,211,0.337
1,0.151028391,0.385469945,0.451852474,-0.11184007,0.782047997,-1.68056389,,0.006,0.03,0.024,4,210,0.284
1,0.597885841,-0.148586744,0.451852474,0.04104745,0.782047997,-1.68056389,,0.024,0.055,0.03,3,211,0.22
1,1.268172016,-0.148586744,0.451852474,0.04104745,0.782047997,-1.68056389,,0.024,,0.031,3,211,0.22
1,0.597885841,-0.148586744,0.451852474,0.04104745,0.782047997,-1.68056389,,0.048,0.03,0.035,3,211,0.18
1,0.374457116,-0.148586744,0.451852474,0.04104745,0.782047997,-1.68056389,,0.048,,0.035,3,211,0.18
1,0.821314566,-0.671517251,0.451852474,0.092009956,0.782047997,-1.68056389,,0.024,,0.089,3,211,0.65
1,1.268172016,0.576005794,0.496468259,-0.009915057,-1.277345062,1.176782248,0.03,0.343,,na,3,240,0.117
1,1.268172016,0.576005794,0.496468259,-0.009915057,-1.277345062,1.721038655,0.03,0.396,0.426,na,3,240,0.108
1,1.268172016,0.527328752,0.496468259,-0.009915057,-1.277345062,-1.68056389,0.08,0.609,0.702,,3,240,0.362
1,1.044743291,0.527328752,0.496468259,-0.009915057,-1.277345062,-1.68056389,0.08,0.609,0.702,,3,240,0.362
1,0.430314297,-0.116598973,0.496468259,-0.122032571,0.782047997,-1.68056389,NA,0.01,NA,0.05,4,213,0.27
1,-1.63640141,0.564879613,0.541084043,0.04104745,-1.277345062,-1.136307483,0.0002,0.2,,0.024,5,238,0.204
1,0.597885841,0.576005794,0.541084043,-0.009915057,-1.277345062,1.176782248,0.03,0.343,0.385, na,3,243,0.117
1,0.821314566,0.576005794,0.541084043,-0.009915057,-1.277345062,1.176782248,0.03,0.343,0.385,NA,3,243,0.117
1,1.268172016,0.576005794,0.541084043,-0.009915057,-1.277345062,1.721038655,0.03,0.396,0.426,NA,3,243,0.108
1,-0.295829059,1.25192129,0.541084043,-0.127128822,-1.277345062,-1.272371585,0.04,0.32,0.32,NA,4,238,0.02
1,-0.74268651,1.25192129,0.541084043,-0.127128822,-1.277345062,-1.272371585,0.04,0.32,0.32,NA,4,224,0.02
1,1.044743291,-0.116598973,0.541084043,-0.162802576,0.782047997,-0.319922872,N/A,0.057,,0.157,3,217,0.48
1,-0.314597072,-0.116598973,0.541084043,0.030854949,0.782047997,-1.68056389,NA,0.04,NA,0.04,4,212,0.27
1,0.151028391,-0.398925816,0.541084043,-0.009915057,0.782047997,-1.68056389,,0.02,0.06,0.04,3,215,0.36
1,1.268172016,-0.117989746,0.541084043,0.04104745,0.782047997,0.360397637,,0.012,,0.071,3,215,0.68
1,0.821314566,-0.117989746,0.541084043,0.092009956,0.782047997,0.360397637,,0.012,,0.071,3,215,0.68
1,0.374457116,-0.117989746,0.541084043,0.092009956,0.782047997,0.360397637,,0.012,,0.071,3,215,0.68
1,0.597885841,1.211588884,0.585699827,0.092009956,-1.277345062,0.360397637,0.03,0.616,,0.104,3,240,0.537
1,-0.295829059,1.25192129,0.585699827,-0.03539631,-1.277345062,0.768589942,0.04,0.31,0.32,NA,4,240,0.04
1,0.374457116,1.14065948,0.585699827,0.04104745,-1.277345062,-1.68056389,0.05,0.485,0.486,,3,241,0.07
1,-0.072400334,1.752599436,0.585699827,0.04104745,0.782047997,-1.68056389,0.05,0.485,0.486,,3,241,0.07
1,-0.072400334,-0.116598973,0.585699827,-0.03539631,0.782047997,0.360397637,N/A,0.014,,0.038,4,217,0.53
1,-0.295829059,-0.116598973,0.585699827,-0.03539631,0.782047997,0.360397637,N/A,0.014,,0.038,4,217,0.53
1,0.597885841,-0.116598973,0.585699827,-0.264727589,0.782047997,0.768589942,N/A,0.02,,0.05,3,220,0.58
1,0.374457116,-0.116598973,0.585699827,-0.264727589,0.782047997,0.768589942,N/A,0.02,,0.05,3,220,0.58
1,0.151028391,-0.13606979,0.585699827,0.04104745,0.782047997,1.721038655,NA,0.03,,0.046,4,218,0.643
1,-0.519257785,0.961249812,0.585699827,-0.11184007,0.782047997,1.312846349,NA,0.05,,0.057,5,214,0.341
1,0.821314566,-0.148586744,0.585699827,-0.060877563,0.782047997,-1.68056389,,0.072,,0.038,3,218,0.168
1,0.597885841,-0.148586744,0.585699827,-0.060877563,0.782047997,-1.68056389,,0.072,0.11,0.038,3,218,0.168
1,0.821314566,-0.398925816,0.585699827,-0.009915057,0.782047997,-1.68056389,,0.012,,0.052,3,219,0.5
1,1.268172016,-0.13606979,0.585699827,-0.009915057,0.782047997,-1.68056389,,0.067,,0.12,3,218,1.016
1,-0.295829059,1.25192129,0.630315612,-0.03539631,-1.277345062,0.768589942,0.04,0.31,0.32,NA,4,243,0.04
1,1.044743291,-0.126334382,0.630315612,-0.009915057,-1.277345062,-1.68056389,0.07,0.685,0.686,,3,246,0.027
1,0.597885841,-0.126334382,0.630315612,-0.009915057,-1.277345062,-1.68056389,0.09,0.662,0.662,,3,246,0.04
1,0.374457116,-0.126334382,0.630315612,-0.009915057,-1.277345062,-1.68056389,0.09,0.662,0.662,,3,246,0.04
1,0.821314566,-0.120771291,0.630315612,-0.11184007,0.782047997,0.224333535,N/A,0.056,,0.144,3,220,0.664
1,1.044743291,-0.120771291,0.630315612,-0.11184007,0.782047997,0.224333535,N/A,0.056,,0.144,3,220,0.664
1,0.430314297,-0.1305067,0.630315612,0.092009956,0.782047997,-1.68056389,NA,0.01,NA,0.05,4,218,0.31
1,0.430314297,-0.116598973,0.630315612,-0.060877563,0.782047997,-1.68056389,NA,0.02,NA,0.05,4,221,0.35
1,-0.295829059,-0.116598973,0.630315612,-0.060877563,0.782047997,-1.68056389,NA,0.02,NA,0.05,4,221,0.35
1,1.268172016,-0.13606979,0.630315612,-0.060877563,0.782047997,-1.68056389,,0.07,,0.082,3,221,0.668
1,1.044743291,-0.13606979,0.630315612,-0.060877563,0.782047997,-1.68056389,,0.07,,0.082,3,221,0.668
1,-0.519257785,1.231059701,0.674931396,-0.11184007,-1.277345062,0.088269433,0,0.178,0.193,NA,5,199,0.071
1,1.044743291,0.279771225,0.674931396,0.04104745,-1.277345062,0.360397637,0.07,N/A,0.896,N/A,2,246,0.623
1,-0.519257785,0.564879613,0.674931396,-0.076166315,0.782047997,-0.319922872,N/A,0.01,,0.035,4,223,0.192
1,-0.74268651,0.564879613,0.674931396,-0.076166315,0.782047997,-0.319922872,N/A,0.01,,0.035,4,223,0.192
1,0.821314566,-0.116598973,0.674931396,-0.025203809,0.782047997,0.224333535,N/A,0.011,,0.036,3,221,0.307
1,0.597885841,-0.116598973,0.674931396,-0.025203809,0.782047997,0.224333535,N/A,0.011,,0.036,3,221,0.307
1,0.374457116,-0.116598973,0.674931396,-0.025203809,0.782047997,0.224333535,N/A,0.011,,0.036,3,222,0.307
1,0.821314566,-0.116598973,0.674931396,-0.091455067,0.782047997,-0.319922872,N/A,0.043,,0.121,3,223,0.653
1,1.268172016,-0.116598973,0.674931396,-0.091455067,0.782047997,-0.319922872,N/A,0.043,,0.121,3,223,0.653
1,1.044743291,-0.116598973,0.674931396,-0.091455067,0.782047997,-0.319922872,N/A,0.043,,0.121,3,223,0.653
1,-0.74268651,1.231059701,0.674931396,0.04104745,0.782047997,-0.86417928,NA,0.041,,0.049,5,217,0.67
1,0.430314297,-0.116598973,0.674931396,0.092009956,0.782047997,-1.68056389,NA,0.01,NA,0.05,4,224,0.31
1,1.268172016,-0.418396633,0.674931396,0.092009956,0.782047997,1.721038655,NA ,0.08,,0.11,3,223,1.228
1,1.044743291,-0.13606979,0.674931396,-0.060877563,0.782047997,-1.68056389,,0.026,,0.047,4,223,0.391
1,1.268172016,0.336792903,0.674931396,-0.060877563,0.782047997,0.360397637,,0.062,,0.066,4,223,0.468
1,1.268172016,-0.117989746,0.674931396,0.04104745,0.782047997,0.360397637,,0.05,,0.09,3,223,0.41
1,0.597885841,-0.117989746,0.674931396,0.04104745,0.782047997,0.360397637,,0.05,0.14,0.09,3,223,0.41
1,1.268172016,-0.13606979,0.674931396,0.04104745,0.782047997,-1.68056389,,0.073,,0.126,3,223,1.108
1,-0.295829059,1.25192129,0.71954718,0.193934969,-1.277345062,-1.272371585,0.06,0.47,0.47,NA,3,248,0.07
1,0.430314297,1.25192129,0.71954718,0.097106207,-1.277345062,0.360397637,0.06,0.56,0.58,NA,3,250,0.27
1,0.374457116,0.564879613,0.71954718,-0.055781313,0.782047997,0.224333535,N/A,0.028,,0.01,3,226,0.75
1,-0.072400334,0.564879613,0.71954718,0.010469946,0.782047997,0.360397637,N/A,0.016,,0.03,4,226,0.45
1,-0.519257785,0.564879613,0.71954718,0.010469946,0.782047997,0.360397637,N/A,0.016,,0.03,4,226,0.45
1,-0.072400334,1.539811224,0.71954718,0.04104745,0.782047997,1.448910451,NA,0.013,,0.029,4,224,0.268
1,0.430314297,0.389642262,0.71954718,0.066528703,0.782047997,0.360397637,NA,0.02,NA,0.04,4,226,0.25
1,0.430314297,-0.116598973,0.71954718,-0.060877563,0.782047997,-1.68056389,NA,0.02,NA,0.05,4,224,0.35
1,-0.295829059,-0.116598973,0.71954718,-0.060877563,0.782047997,-1.68056389,NA,0.02,NA,0.05,4,224,0.35
1,0.821314566,0.432756214,0.71954718,-0.009915057,0.782047997,-1.408435687,NA,0.022,,0.058,4,226,0.355
1,-0.295829059,-0.13606979,0.71954718,0.092009956,0.782047997,1.312846349,NA,0.024,,0.061,4,224,0.617
1,1.268172016,-0.418396633,0.71954718,-0.11184007,0.782047997,-1.272371585,NA,0.042,,NA,4,226,0.269
1,1.268172016,-0.418396633,0.71954718,0.04104745,0.782047997,1.721038655,NA ,0.076,,0.115,3,226,1.331
1,1.268172016,0.336792903,0.71954718,-0.060877563,0.782047997,0.360397637,,0.062,,0.066,4,226,0.468
1,0.430314297,1.25192129,0.764162965,0.097106207,-1.277345062,0.360397637,0.06,0.56,0.58,NA,3,253,0.27
1,0.597885841,-0.418396633,0.764162965,0.092009956,0.782047997,1.721038655, NA,0.035,,0.064,3,228,0.996
1,0.374457116,-0.418396633,0.764162965,-0.060877563,0.782047997,1.721038655,NA,0.041,,0.034,4,228,0.481
1,1.268172016,-0.418396633,0.764162965,0.092009956,0.782047997,1.721038655,NA,0.026,,0.079,3,228,0.896
1,0.430314297,0.389642262,0.764162965,0.066528703,0.782047997,-1.272371585,NA,0.03,NA,0.6,4,227,0.26
1,1.268172016,-0.148586744,0.764162965,0.092009956,0.782047997,-1.68056389,,0.048,,0.066,3,228,0.18
1,1.268172016,0.336792903,0.764162965,-0.060877563,0.782047997,0.360397637,,0.062,,0.066,4,228,0.468
1,0.821314566,-0.117989746,0.764162965,-0.060877563,0.782047997,-1.68056389,,0.012,,0.088,3,228,1.21
1,0.374457116,-0.117989746,0.764162965,-0.060877563,0.782047997,-1.68056389,,0.012,,0.088,3,228,1.21
1,1.268172016,0.576005794,0.808778749,-0.060877563,-1.277345062,1.176782248,0.04,0.378,,NA,3,259,0.082
1,-0.519257785,0.564879613,0.808778749,-0.025203809,0.782047997,0.768589942,N/A,0.019,,0.034,4,230,0.371
1,0.597885841,0.564879613,0.808778749,-0.055781313,0.782047997,0.224333535,N/A,0.028,,0.041,3,230,0.75
1,-0.072400334,0.564879613,0.808778749,0.000277445,0.782047997,-1.68056389,N/A,0.025,,0.048,4,231,0.658
1,-0.295829059,0.564879613,0.808778749,0.000277445,0.782047997,-1.68056389,N/A,0.025,,0.048,4,231,0.658
1,0.374457116,0.564879613,0.808778749,-0.101647568,0.782047997,-1.816627992,N/A,0.025,,0.08,3,231,0.287
1,1.268172016,-0.418396633,0.808778749,-0.060877563,0.782047997,-1.272371585,,0.037,,0.041,4,233,0.392
1,0.151028391,-0.117989746,0.808778749,0.092009956,0.782047997,-1.68056389,,0.012,0.06,0.048,3,230,0.492
1,1.044743291,0.576005794,0.853394533,-0.009915057,-1.277345062,1.312846349,0.04,0.378,0.408,NA ,3,262,0.082
1,-0.072400334,-0.116598973,0.853394533,-0.076166315,0.782047997,-1.68056389,N/A,0.022,,0.04,4,232,0.314
1,0.821314566,-0.120771291,0.853394533,-0.091455067,0.782047997,-1.816627992,N/A,0.072,,0.138,3,232,0.323
1,1.268172016,-0.120771291,0.853394533,-0.091455067,0.782047997,-1.816627992,N/A,0.072,,0.138,3,232,0.323
1,1.044743291,-0.120771291,0.853394533,-0.091455067,0.782047997,-1.816627992,N/A,0.072,,0.138,3,232,0.323
1,1.268172016,-0.116598973,0.853394533,-0.137321323,0.782047997,0.360397637,N/A,N/A,0.252,N/A,2,233,0.937
1,1.044743291,-0.116598973,0.853394533,-0.137321323,0.782047997,0.360397637,N/A,N/A,0.252,N/A,2,233,0.937
1,1.044743291,0.432756214,0.853394533,0.04104745,0.782047997,-1.408435687,NA,0.035,,0.05,4,233,0.274
1,-0.74268651,1.270001335,0.853394533,0.092009956,0.782047997,1.312846349,NA,0.046,,0.052,5,225,0.413
1,0.597885841,1.243576655,0.853394533,0.092009956,0.782047997,-1.408435687,NA,0.036,,0.053,4,233,0.343
1,0.151028391,1.243576655,0.853394533,0.092009956,0.782047997,-1.408435687,NA,0.036,,0.053,4,233,0.343
1,0.430314297,0.389642262,0.853394533,-0.239246336,0.782047997,-1.68056389,NA,0.02,NA,0.07,3,233,0.35
1,0.151028391,1.539811224,0.853394533,0.142972463,0.782047997,-0.047794669,,0.02,,0.036,4,231,0.365
1,1.268172016,-0.418396633,0.853394533,0.092009956,0.782047997,0.768589942,,0.017,,0.061,4,233,0.545
1,-0.295829059,0.564879613,0.898010318,-0.060877563,-1.277345062,0.768589942,0,0.309,,0.029,4,264,0.111
1,-0.519257785,0.564879613,0.898010318,-0.060877563,-1.277345062,0.768589942,0,0.309,,0.029,4,264,0.111
1,-0.74268651,0.564879613,0.898010318,-0.060877563,-1.277345062,0.768589942,0,0.309,,0.029,4,264,0.111
1,0.597885841,2.578718375,0.898010318,-0.11184007,-1.277345062,1.312846349,0.04,0.369,0.384,NA,4,265,0.133
1,0.374457116,2.578718375,0.898010318,-0.11184007,-1.277345062,1.312846349,0.04,0.369,0.384,NA,3,265,0.133
1,0.821314566,0.809655595,0.898010318,0.04104745,-1.277345062,0.360397637,0.06,0.632,,0.116,3,260,0.747
1,0.597885841,0.809655595,0.898010318,0.04104745,-1.277345062,0.360397637,0.06,0.632,,0.116,3,260,0.747
1,1.044743291,0.809655595,0.898010318,-0.009915057,-1.277345062,0.360397637,0.06,N/A,1.05,N/A,2,260,0.677
1,0.374457116,0.809655595,0.898010318,0.04104745,-1.277345062,0.360397637,N/A,0.632,,0.116,3,260,0.747
1,0.821314566,0.432756214,0.898010318,-0.009915057,0.782047997,0.360397637,NA,0.018,,0.046,4,235,0.367
1,1.268172016,0.374343764,0.898010318,0.04104745,0.782047997,0.360397637,,0.012,,0.054,3,235,0.552
1,0.597885841,0.374343764,0.898010318,0.092009956,0.782047997,0.360397637,,0.012,0.066,0.054,3,235,0.552
1,0.821314566,1.211588884,0.942626102,0.04104745,-1.277345062,-1.68056389,0.05,0.662,,0.056,3,262,0.18
1,0.597885841,1.211588884,0.942626102,0.04104745,-1.277345062,-1.68056389,0.05,0.662,,0.056,3,262,0.18
1,0.374457116,1.211588884,0.942626102,0.04104745,-1.277345062,-1.68056389,0.05,0.662,,0.056,3,262,0.18
1,0.821314566,0.809655595,0.942626102,0.04104745,-1.277345062,0.360397637,0.06,0.632,,0.116,3,263,0.747
1,0.597885841,0.809655595,0.942626102,0.04104745,-1.277345062,0.360397637,0.06,0.632,,0.116,3,263,0.747
1,1.044743291,0.809655595,0.942626102,-0.009915057,-1.277345062,0.360397637,0.06,N/A,1.05,N/A,2,263,0.677
1,-0.072400334,0.432756214,0.942626102,0.092009956,0.782047997,0.768589942,NA,0.017,,0.037,4,238,0.604
1,0.374457116,1.448020231,0.942626102,0.092009956,0.782047997,-1.408435687,NA ,0.056,,0.079,4,238,0.599
1,1.044743291,0.527328752,0.987241886,0.142972463,-1.277345062,1.584974553,0.16,,1.196,,2,270,0.162
1,0.597885841,-0.116598973,0.987241886,-0.11184007,0.782047997,-1.816627992,N/A,0.007,,0.05,3,237,0.287
1,0.374457116,-0.116598973,0.987241886,-0.11184007,0.782047997,-1.816627992,N/A,0.007,,0.05,3,237,0.287
1,0.821314566,-0.116598973,0.987241886,-0.11184007,0.782047997,-1.816627992,N/A,0.07,,0.5,3,237,0.287
1,0.374457116,1.539811224,0.987241886,0.092009956,0.782047997,-0.047794669,NA,0.014,,0.068,4,250,0.686
1,0.151028391,0.798529414,0.987241886,0.092009956,0.782047997,-1.68056389,,0.004,,0.03,3,237,0.542
1,1.268172016,0.432756214,1.031857671,-0.009915057,0.782047997,0.360397637,NA,0.036,,0.047,4,242,0.229
1,1.044743291,0.432756214,1.031857671,-0.009915057,0.782047997,0.360397637,NA,0.036,,0.047,4,242,0.229
1,1.268172016,-0.117989746,1.031857671,-0.060877563,0.782047997,-1.68056389,,0.012,,0.088,3,241,1.21
1,-0.519257785,0.564879613,1.076473455,-0.11184007,-1.277345062,-1.272371585,0.01,0.361,,0.029,4,276,0.076
1,-0.74268651,0.564879613,1.076473455,-0.11184007,-1.277345062,-1.272371585,0.01,0.361,,0.029,4,276,0.076
1,-0.74268651,3.308874004,1.076473455,-0.060877563,-1.277345062,-1.136307483,0.03,0.33,0.34,NA,4,270,0.08
1,-0.072400334,1.752599436,1.076473455,-0.11184007,0.782047997,-1.272371585,,0.013,0.07,0.057,4,245,0.367
1,0.430314297,1.25192129,1.121089239,0.086913706,-1.277345062,-1.68056389,0.07,0.52,0.53,NA,3,274,0.08
1,0.430314297,1.25192129,1.121089239,0.086913706,-1.277345062,-1.68056389,0.07,0.52,0.52,NA,3,274,0.8
1,0.374457116,0.798529414,1.121089239,-0.060877563,0.782047997,-1.68056389,,0,,0.036,3,247,0.108
1,0.821314566,0.798529414,1.121089239,-0.060877563,0.782047997,-1.68056389,,0.012,,0.036,3,247,0.108
1,1.268172016,0.571833476,1.121089239,-0.11184007,0.782047997,-1.68056389,,0.012,,0.055,3,246,0.5
1,1.268172016,-0.117989746,1.121089239,-0.009915057,0.782047997,-1.68056389,,0.05,,0.07,3,247,0.36
1,0.597885841,-0.117989746,1.121089239,-0.009915057,0.782047997,-1.68056389,,0.05,0.12,0.07,3,247,0.36
1,-0.072400334,1.231059701,1.165705024,0.04104745,-1.277345062,1.312846349,0.05,0.342,0.381,NA,4,279,0.274
1,0.430314297,1.25192129,1.165705024,0.086913706,-1.277345062,-1.68056389,0.07,0.52,0.53,NA,3,277,0.08
1,0.821314566,0.798529414,1.165705024,0.04104745,0.782047997,0.768589942,,0.048,,0.02,3,250,0.144
1,0.374457116,0.798529414,1.165705024,0.04104745,0.782047997,0.768589942,,0.048,,0.02,3,250,0.144
1,-1.18954396,2.244932945,1.210320808,-0.086358816,0.782047997,-1.000243381,N/A,0.022,,0.026,5,245,0.146
1,-1.412972685,2.244932945,1.210320808,-0.086358816,0.782047997,-1.000243381,N/A,0.022,,0.026,5,245,0.146
1,-1.63640141,2.244932945,1.210320808,-0.086358816,0.782047997,-1.000243381,N/A,0.022,,0.026,5,245,0.146
1,-1.859830135,2.244932945,1.210320808,-0.086358816,0.782047997,-1.000243381,N/A,0.022,,0.026,5,245,0.146
1,-2.08325886,2.244932945,1.210320808,-0.086358816,0.782047997,-1.000243381,N/A,0.022,,0.026,5,245,0.146
1,-0.966115235,2.244932945,1.210320808,-0.086358816,0.782047997,-1.000243381,N/A,0.023,,0.026,5,245,0.147
1,1.268172016,1.260265926,1.210320808,-0.137321323,0.782047997,-1.816627992,N/A,0.05,,0.122,3,252,0.421
1,1.044743291,1.260265926,1.210320808,-0.137321323,0.782047997,-1.816627992,N/A,0.05,,0.122,3,252,0.421
1,-0.295829059,0.564879613,1.210320808,-3.675342374,-1.277345062,-1.272371585,N/A,0.01,,0.361,4,283,0.029
1,0.430314297,2.895814534,1.254936592,0.025758698,-1.277345062,-1.272371585,0.07,0.61,0.64,NA,3,282,0.37
1,-0.295829059,2.895814534,1.254936592,0.025758698,-1.277345062,-1.272371585,0.07,0.61,0.64,NA,3,282,0.37
1,1.044743291,0.809655595,1.254936592,0.092009956,-1.277345062,-1.68056389,0.1,N/A,0.36,N/A,2,279,1.765
1,-0.966115235,2.244932945,1.254936592,0.061432452,0.782047997,0.768589942,N/A,0.016,,0.019,5,248,0.21
1,-1.18954396,2.244932945,1.254936592,0.061432452,0.782047997,0.768589942,N/A,0.039,,0.019,5,248,0.21
1,-1.412972685,2.244932945,1.254936592,0.061432452,0.782047997,0.768589942,N/A,0.039,,0.019,5,248,0.21
1,-1.63640141,2.244932945,1.254936592,0.061432452,0.782047997,0.768589942,N/A,0.039,,0.019,5,248,0.21
1,-1.859830135,2.244932945,1.254936592,0.061432452,0.782047997,0.768589942,N/A,0.039,,0.019,5,248,0.21
1,-2.08325886,2.244932945,1.254936592,0.061432452,0.782047997,0.768589942,N/A,0.039,,0.019,5,248,0.21
1,-2.306687585,2.244932945,1.254936592,-0.086358816,0.782047997,0.768589942,N/A,0.039,,0.019,6,248,0.21
1,-2.53011631,2.244932945,1.254936592,-0.086358816,0.782047997,0.768589942,N/A,0.039,,0.019,6,248,0.21
1,-2.753545036,2.244932945,1.254936592,-0.086358816,0.782047997,0.768589942,N/A,0.039,,0.019,6,248,0.21
1,-0.072400334,0.798529414,1.254936592,-0.11184007,0.782047997,-1.68056389,,0.012,0.042,0.03,4,252,0.348
1,1.044743291,0.809655595,1.299552377,0.04104745,-1.277345062,-1.68056389,0.12,N/A,0.777,N/A,2,283,0.508
1,-0.072400334,1.448020231,1.299552377,0.092009956,0.782047997,1.721038655,NA,0.038,,0.056,4,255,0.808
1,0.374457116,0.799920187,1.299552377,-0.060877563,0.782047997,-1.68056389,,0,,0.046,3,256,0.56
1,0.821314566,0.799920187,1.299552377,-0.060877563,0.782047997,-1.68056389,,0.012,,0.046,3,256,0.56
1,1.268172016,1.211588884,1.344168161,-0.060877563,-1.277345062,-1.816627992,0.05,N/A,1.02,N/A,2,287,0.6
1,1.044743291,1.211588884,1.344168161,-0.060877563,-1.277345062,-1.816627992,0.05,N/A,1.02,N/A,2,287,0.6
1,0.821314566,1.211588884,1.344168161,0.086913706,-1.277345062,0.224333535,0.06,0.62,,0.09,3,288,0.49
1,-0.295829059,1.211588884,1.344168161,0.086913706,-1.277345062,0.224333535,0.06,0.62,,0.09,3,288,0.49
1,0.821314566,1.211588884,1.344168161,0.000277445,-1.277345062,-1.816627992,0.08,0.55,,0.09,3,287,0.51
1,-0.295829059,1.211588884,1.344168161,0.000277445,-1.277345062,-1.816627992,0.08,0.55,,0.09,3,287,0.51
1,1.268172016,1.211588884,1.344168161,0.092009956,-1.277345062,0.224333535,0.08,N/A,1,N/A,2,288,0.43
1,1.044743291,1.211588884,1.344168161,0.092009956,-1.277345062,0.224333535,0.08,N/A,1,N/A,2,288,0.43
1,0.430314297,0.389642262,1.344168161,0.092009956,0.782047997,-1.68056389,NA,0.01,NA,0.03,4,259,0.14
1,0.151028391,1.448020231,1.344168161,-0.009915057,0.782047997,1.312846349,NA,0.062,,0.08,4,259,0.749
1,-0.519257785,1.211588884,1.388783946,0.066528703,-1.277345062,0.496461739,0.06,0.33,,0.04,4,288,0.22
1,-0.74268651,1.211588884,1.388783946,0.066528703,-1.277345062,0.496461739,0.06,0.33,,0.04,4,288,0.22
1,-0.966115235,1.969559965,1.388783946,-0.11693632,0.782047997,-0.319922872,N/A,0.004,,0.043,4,261,0.493
1,-0.295829059,1.448020231,1.388783946,-0.060877563,0.782047997,1.312846349,NA,0.041,,0.091,4,259,0.828
1,1.268172016,0.958468266,1.388783946,-0.009915057,0.782047997,1.584974553,,0.023,,0.028,4,262,0.275
1,1.268172016,-0.116598973,1.43339973,30.05796378,0.782047997,-1.68056389,N/A,N/A,0.311,N/A,2,267,0.47
1,1.044743291,-0.116598973,1.43339973,-0.305497594,0.782047997,-1.68056389,N/A,N/A,0.311,N/A,2,267,0.47
1,1.268172016,0.958468266,1.43339973,0.092009956,0.782047997,1.176782248,na,0.042,,0.038,4,264,0.338
1,0.821314566,0.432756214,1.43339973,0.04104745,0.782047997,1.584974553,NA,0.026,,0.044,4,264,0.257
1,0.430314297,1.270001335,1.43339973,-0.137321323,0.782047997,-1.68056389,NA,0.02,NA,0.07,3,263,0.29
1,1.268172016,-0.13606979,1.43339973,0.04104745,0.782047997,-1.68056389,,0.066,,0.088,4,264,0.775
1,0.430314297,2.895814534,1.478015514,0.153164964,-1.277345062,0.360397637,0.08,0.58,0.62,NA,3,292,0.62
1,-0.295829059,2.895814534,1.478015514,0.153164964,-1.277345062,0.360397637,0.08,0.58,0.62,NA,3,292,0.62
1,0.151028391,1.448020231,1.478015514,-0.060877563,0.782047997,1.312846349,NA,0.041,,0.091,4,266,0.828
1,1.044743291,0.958468266,1.478015514,0.04104745,0.782047997,1.176782248,,0.012,,0.052,4,266,0.295
1,1.044743291,0.987674492,1.478015514,0.092009956,0.782047997,1.721038655,,0.025,,0.059,4,266,0.473
1,1.268172016,0.958468266,1.478015514,0.04104745,0.782047997,1.176782248,,0.012,,0.52,4,266,0.295
1,-0.072400334,2.894423761,1.522631299,-0.009915057,0.782047997,1.312846349,NA,0.032,,0.059,4,267,0.52
1,1.268172016,0.958468266,1.567247083,-0.009915057,0.782047997,1.176782248,,0.012,,0.052,4,271,0.29
1,1.268172016,0.958468266,1.567247083,-0.009915057,0.782047997,1.176782248,,0.012,,0.052,4,271,0.295
1,1.268172016,0.958468266,1.567247083,0.04104745,0.782047997,1.176782248,,0.012,,0.052,4,271,0.295
1,1.268172016,0.798529414,1.567247083,0.04104745,0.782047997,-1.68056389,,0.012,,0.056,3,271,0.372
1,0.597885841,0.798529414,1.567247083,0.04104745,0.782047997,-1.68056389,,0.01,0.07,0.06,3,271,0.37
1,1.268172016,1.238013564,1.567247083,-0.11184007,0.782047997,-1.272371585,,0.01,,0.11,3,270,0.49
1,0.374457116,1.969559965,1.611862867,0.04104745,0.782047997,0.768589942,N/A,0.05,,0.071,3,273,0.437
1,0.151028391,1.969559965,1.611862867,0.04104745,0.782047997,0.768589942,N/A,0.05,,0.071,3,273,0.437
1,-0.072400334,1.969559965,1.611862867,0.04104745,0.782047997,0.768589942,N/A,0.05,,0.071,3,273,0.437
1,0.597885841,1.238013564,1.611862867,-0.009915057,0.782047997,-1.272371585,,0,0.044,0.044,3,273,0.468
1,0.374457116,0.798529414,1.611862867,-0.009915057,0.782047997,-1.68056389,,0.004,,0.114,3,274,0.747
1,1.268172016,0.798529414,1.611862867,-0.009915057,0.782047997,-1.68056389,,0.012,,0.114,3,274,0.746
1,1.268172016,-0.158322152,1.611862867,0.066528703,0.782047997,0.360397637,,,0.437,,2,274,0.892
1,1.268172016,0.987674492,1.701094436,0.092009956,0.782047997,1.721038655,,0.054,,0.059,4,278,0.348
1,1.044743291,0.987674492,1.701094436,0.092009956,0.782047997,1.721038655,,0.054,,0.059,4,278,0.348
1,-0.519257785,1.211588884,1.790326005,-0.020107558,-1.277345062,-1.68056389,0.05,0.31,,0.01,4,313,0.03
1,-0.74268651,1.211588884,1.790326005,-0.020107558,-1.277345062,-1.68056389,0.05,0.31,,0.01,4,313,0.03
1,-1.63640141,2.388182526,1.790326005,-0.132225072,0.782047997,-1.136307483,N/A,0.04,,0.034,5,275,0.251
1,-2.306687585,2.388182526,1.790326005,-0.218861333,0.782047997,-1.136307483,N/A,0.026,,0.044,6,275,0.376
1,-2.53011631,2.388182526,1.790326005,-0.218861333,0.782047997,-1.136307483,N/A,0.026,,0.044,6,275,0.376
1,-2.753545036,2.388182526,1.790326005,-0.218861333,0.782047997,-1.136307483,N/A,0.026,,0.044,6,275,0.376
1,0.821314566,0.819391004,1.790326005,0.04104745,0.782047997,1.721038655,NA,0.06,,0.06,3,283,0.66
1,1.044743291,0.427193123,1.834941789,0.092009956,0.782047997,0.360397637,N/A,N/A,0.36,N/A,2,282,1.765
1,0.821314566,0.959859039,1.834941789,-0.009915057,0.782047997,1.176782248,NA,0.031,,0.064,4,286,0.33
1,0.374457116,2.246323718,1.834941789,0.04104745,0.782047997,1.312846349,NA ,0.038,,0.06,4,286,0.668
1,-0.295829059,1.969559965,1.879557573,0.092009956,0.782047997,0.768589942,N/A,0.01,,0.034,4,288,0.382
1,-0.519257785,1.969559965,1.879557573,0.092009956,0.782047997,0.768589942,N/A,0.01,,0.034,4,288,0.382
1,-0.74268651,1.969559965,1.879557573,0.092009956,0.782047997,0.768589942,N/A,0.01,,0.034,4,288,0.382
1,-0.072400334,1.969559965,1.879557573,0.04104745,0.782047997,0.768589942,N/A,0.013,,0.054,4,288,0.54
1,1.268172016,0.819391004,1.879557573,-0.11184007,0.782047997,1.721038655,NA ,0.065,,0.095,3,288,0.422
1,1.268172016,0.987674492,1.879557573,0.04104745,0.782047997,-1.272371585,,0.016,,0.061,4,288,0.449
1,1.044743291,0.527328752,1.968789142,0.092009956,0.782047997,0.360397637,,0.079,,0.149,3,293,1.709
1,-0.072400334,1.969559965,2.013404926,-0.122032571,0.782047997,-0.319922872,N/A,0.013,,0.038,4,295,0.28
1,-0.295829059,1.969559965,2.013404926,-0.122032571,0.782047997,-0.319922872,N/A,0.013,,0.038,4,295,0.28
1,-0.072400334,1.969559965,2.013404926,-0.122032571,0.782047997,-0.319922872,N/A,0.02,,0.082,3,295,0.386
1,1.044743291,0.427193123,2.013404926,0.092009956,0.782047997,0.360397637,N/A,N/A,0.36,N/A,2,292,1.765
1,0.597885841,0.819391004,2.013404926,0.04104745,0.782047997,1.176782248,NA,0.117,,0.133,3,295,0.942
1,1.044743291,-0.917684006,2.058020711,-0.009915057,-1.277345062,0.360397637,0.02,0.331,0.351,NA,3,116,0.116
1,-0.314597072,2.606533828,2.058020711,-0.132225072,0.782047997,-1.272371585,NA,0,NA,0.06,4,291,0.68
1,1.268172016,2.246323718,2.058020711,0.04104745,0.782047997,1.176782248,NA,0.018,,0.07,4,298,0.665
1,1.044743291,2.246323718,2.058020711,0.04104745,0.782047997,1.176782248,NA,0.018,,0.07,4,298,0.665
1,1.268172016,0.527328752,2.058020711,0.092009956,0.782047997,0.360397637,,0.079,,0.149,3,298,1.709
1,-1.18954396,2.388182526,2.102636495,-0.060877563,0.782047997,-1.136307483,N/A,0.027,,0.023,5,295,0.162
1,-1.412972685,2.388182526,2.102636495,-0.060877563,0.782047997,-1.136307483,N/A,0.027,,0.023,5,295,0.162
1,-0.966115235,2.388182526,2.102636495,-0.060877563,0.782047997,-1.136307483,N/A,0.015,,0.024,5,295,0.162
1,-0.519257785,2.107246455,2.191868064,0.142972463,0.782047997,1.312846349,NA,0.037,,0.083,4,304,0.463
1,1.268172016,0.527328752,2.281099633,-0.009915057,0.782047997,-1.68056389,,0.09,,0.169,3,310,1.31
1,1.268172016,2.906940715,2.325715417,0.092009956,0.782047997,1.176782248,NA,0.055,,0.054,4,312,0.38
1,1.268172016,2.906940715,2.370331201,0.092009956,0.782047997,1.176782248,na,0.038,,0.058,4,314,0.419
1,1.044743291,2.906940715,2.370331201,0.092009956,0.782047997,1.176782248,NA ,0.055,,0.054,4,314,0.38
1,-1.859830135,2.244932945,2.414946986,-0.086358816,0.782047997,-1.000243381,N/A,0.022,,0.026,6,245,0.146
1,-2.306687585,2.244932945,2.414946986,-0.086358816,0.782047997,-1.000243381,N/A,0.022,,0.026,6,245,0.146
1,-2.53011631,2.244932945,2.414946986,-0.086358816,0.782047997,-1.000243381,N/A,0.022,,0.026,6,245,0.146
1,-2.753545036,2.244932945,2.414946986,-0.086358816,0.782047997,-1.000243381,N/A,0.022,,0.026,6,245,0.146
1,-1.859830135,2.388182526,2.414946986,-1.656004017,0.782047997,-1.136307483,N/A,0.011,,0.047,6,275,0.58
1,-2.08325886,2.388182526,2.414946986,-0.127128822,0.782047997,-1.136307483,N/A,0.011,,0.047,6,275,0.58
1,-2.306687585,2.388182526,2.414946986,-0.127128822,0.782047997,-1.136307483,N/A,0.011,,0.047,6,275,0.58
1,-2.53011631,2.388182526,2.414946986,-0.127128822,0.782047997,-1.136307483,N/A,0.011,,0.047,6,275,0.58
1,-2.753545036,2.388182526,2.414946986,-0.127128822,0.782047997,-1.136307483,N/A,0.011,,0.047,6,275,0.58
1,0.821314566,2.906940715,2.414946986,0.092009956,0.782047997,1.176782248,NA,0.038,,0.058,4,317,0.419
1,1.268172016,0.987674492,2.414946986,0.04104745,0.782047997,-1.68056389,,0.038,,0.106,3,317,0.884
1,1.044743291,0.987674492,2.414946986,0.04104745,0.782047997,-1.68056389,,0.038,,0.106,3,317,0.884
1,-0.74268651,2.894423761,2.45956277,0.142972463,0.782047997,1.448910451,NA,0.046,,0.052,5,310,0.416
1,0.821314566,2.894423761,2.548794339,0.092009956,0.782047997,1.721038655,NA,0.04,,0.046,4,324,0.43
1,0.430314297,2.606533828,2.548794339,0.025758698,0.782047997,-1.68056389,NA,0.038,NA,0.127,3,320,0.788
1,1.268172016,0.527328752,2.548794339,-0.009915057,0.782047997,-1.68056389,,0.09,,0.169,3,324,1.31
1,-0.072400334,2.894423761,2.593410123,0.04104745,0.782047997,1.312846349,NA,0.036,,0.055,4,326,0.277
1,-0.74268651,2.894423761,2.593410123,0.092009956,0.782047997,1.312846349,NA,0.04,,0.058,4,325,0.181
1,-0.519257785,4.045983496,2.77187326,0.092009956,0.782047997,1.312846349,NA,0.053,,0.089,4,333,0.305
1,1.044743291,2.906940715,2.950336398,0.092009956,0.782047997,1.176782248,NA,0.071,,0.131,3,346,0.988
1,1.268172016,2.906940715,2.994952182,0.092009956,0.782047997,1.176782248,NA ,0.071,,0.131,3,348,0.988
1,-0.295829059,2.894423761,3.039567966,0.142972463,0.782047997,1.721038655,NA,0.053,,0.065,4,349,0.45
1,0.821314566,2.906940715,3.039567966,0.092009956,0.782047997,1.176782248,NA,0.095,,0.139,3,350,0.938
1,0.597885841,5.44649153,3.128799535,0.092009956,0.782047997,1.312846349,NA,0.028,,0.084,4,355,0.715
1,0.430314297,3.591200847,3.7980363,0.000277445,0.782047997,-1.272371585,NA,0.09,NA,0.16,3,387,2
1,-0.314597072,3.591200847,3.7980363,0.000277445,0.782047997,-1.272371585,NA,0.09,NA,0.16,3,387,2
