Age of vehicle,engine capacity (cc),Fuel consumption (metric combined),Noise level (dB(A)),fuel type,gearbox,CO2 emission (g/km)
-0.250780771,-0.106370084,22.67669535,-0.164794885,0.800217618,-0.306343235,201
0.453026616,3.628273925,2.571550252,0.00149472,0.800217618,-1.25534728,387
-0.268971485,3.628273925,2.571550252,0.00149472,0.800217618,-1.25534728,387
0.615443705,5.496296088,2.119410557,0.095032623,0.800217618,1.32052084,355
0.831999824,2.939318225,2.059125264,0.095032623,0.800217618,1.184948834,350
-0.250780771,2.926715377,2.059125264,0.146998124,0.800217618,1.727236859,349
1.265112061,2.939318225,2.028982618,0.095032623,0.800217618,1.184948834,348
1.048555943,2.939318225,1.998839972,0.095032623,0.800217618,1.184948834,346
-0.46733689,4.086177409,1.878269387,0.095032623,0.800217618,1.32052084,333
-0.034224652,2.926715377,1.757698801,0.043067121,0.800217618,1.32052084,326
-0.683893009,2.926715377,1.757698801,0.095032623,0.800217618,1.32052084,325
1.265112061,0.543376756,1.727556155,-0.008898381,0.800217618,-1.662063299,324
0.453026616,2.636849869,1.727556155,0.02747747,0.800217618,-1.662063299,320
0.831999824,2.926715377,1.727556155,0.095032623,0.800217618,1.727236859,324
-0.683893009,2.926715377,1.667270862,0.146998124,0.800217618,1.456092847,310
1.265112061,1.006881505,1.637128216,0.043067121,0.800217618,-1.662063299,317
1.265112061,1.006881505,1.637128216,0.043067121,0.800217618,-1.662063299,317
1.048555943,1.006881505,1.637128216,0.043067121,0.800217618,-1.662063299,317
-1.766673603,2.417000184,1.637128216,-1.687384082,0.800217618,-1.119775273,275
-1.983229722,2.417000184,1.637128216,-0.128419034,0.800217618,-1.119775273,275
-2.199785841,2.417000184,1.637128216,-0.128419034,0.800217618,-1.119775273,275
-2.41634196,2.417000184,1.637128216,-0.128419034,0.800217618,-1.119775273,275
-2.632898079,2.417000184,1.637128216,-0.128419034,0.800217618,-1.119775273,275
-1.766673603,2.272767588,1.637128216,-0.086846633,0.800217618,-0.984203267,245
-2.199785841,2.272767588,1.637128216,-0.086846633,0.800217618,-0.984203267,245
-2.41634196,2.272767588,1.637128216,-0.086846633,0.800217618,-0.984203267,245
-2.632898079,2.272767588,1.637128216,-0.086846633,0.800217618,-0.984203267,245
0.831999824,2.939318225,1.637128216,0.095032623,0.800217618,1.184948834,317
1.265112061,2.939318225,1.60698557,0.095032623,0.800217618,1.184948834,314
1.048555943,2.939318225,1.60698557,0.095032623,0.800217618,1.184948834,314
1.265112061,2.939318225,1.576842923,0.095032623,0.800217618,1.184948834,312
1.265112061,0.543376756,1.546700277,-0.008898381,0.800217618,-1.662063299,310
-0.46733689,2.134136258,1.486414984,0.146998124,0.800217618,1.32052084,304
-0.900449128,2.417000184,1.426129692,-0.060863882,0.800217618,-1.119775273,295
-1.117005247,2.417000184,1.426129692,-0.060863882,0.800217618,-1.119775273,295
-1.333561365,2.417000184,1.426129692,-0.060863882,0.800217618,-1.119775273,295
-0.268971485,2.636849869,1.395987045,-0.133615584,0.800217618,-1.25534728,291
1.048555943,-0.91155205,1.395987045,-0.008898381,-1.1847247,0.371516796,116
1.265112061,0.543376756,1.395987045,0.095032623,0.800217618,0.371516796,298
1.265112061,2.274167905,1.395987045,0.043067121,0.800217618,1.184948834,298
1.048555943,2.274167905,1.395987045,0.043067121,0.800217618,1.184948834,298
-0.034224652,1.995504929,1.365844399,-0.123222484,0.800217618,-0.306343235,295
-0.250780771,1.995504929,1.365844399,-0.123222484,0.800217618,-0.306343235,295
-0.034224652,1.995504929,1.365844399,-0.123222484,0.800217618,-0.306343235,295
1.048555943,0.44255397,1.365844399,0.095032623,0.800217618,0.371516796,292
0.615443705,0.837443213,1.365844399,0.043067121,0.800217618,1.184948834,295
1.048555943,0.543376756,1.335701753,0.095032623,0.800217618,0.371516796,293
1.265112061,1.006881505,1.27541646,0.043067121,0.800217618,-1.25534728,288
-0.034224652,1.995504929,1.27541646,0.043067121,0.800217618,0.778232815,288
-0.250780771,1.995504929,1.27541646,0.095032623,0.800217618,0.778232815,288
-0.46733689,1.995504929,1.27541646,0.095032623,0.800217618,0.778232815,288
-0.683893009,1.995504929,1.27541646,0.095032623,0.800217618,0.778232815,288
1.265112061,0.837443213,1.27541646,-0.112829384,0.800217618,1.727236859,288
1.048555943,0.44255397,1.245273814,0.095032623,0.800217618,0.371516796,282
0.831999824,0.978875176,1.245273814,-0.008898381,0.800217618,1.184948834,286
0.398887586,2.274167905,1.245273814,0.043067121,0.800217618,1.32052084,286
-0.46733689,1.232332456,1.215131168,-0.019291481,-1.1847247,-1.662063299,313
-0.683893009,1.232332456,1.215131168,-0.019291481,-1.1847247,-1.662063299,313
-2.199785841,2.417000184,1.215131168,-0.221956937,0.800217618,-1.119775273,275
-2.41634196,2.417000184,1.215131168,-0.221956937,0.800217618,-1.119775273,275
-2.632898079,2.417000184,1.215131168,-0.221956937,0.800217618,-1.119775273,275
-1.550117484,2.417000184,1.215131168,-0.133615584,0.800217618,-1.119775273,275
0.831999824,0.837443213,1.215131168,0.043067121,0.800217618,1.727236859,283
1.265112061,1.006881505,1.154845875,0.095032623,0.800217618,1.727236859,278
1.048555943,1.006881505,1.154845875,0.095032623,0.800217618,1.727236859,278
1.265112061,0.816438466,1.094560582,-0.008898381,0.800217618,-1.662063299,274
0.398887586,0.816438466,1.094560582,-0.008898381,0.800217618,-1.662063299,274
0.615443705,1.258938469,1.094560582,-0.008898381,0.800217618,-1.25534728,273
1.265112061,-0.146979261,1.094560582,0.069049872,0.800217618,0.371516796,274
0.398887586,1.995504929,1.094560582,0.043067121,0.800217618,0.778232815,273
0.182331467,1.995504929,1.094560582,0.043067121,0.800217618,0.778232815,273
-0.034224652,1.995504929,1.094560582,0.043067121,0.800217618,0.778232815,273
1.265112061,0.816438466,1.064417936,0.043067121,0.800217618,-1.662063299,271
0.615443705,0.816438466,1.064417936,0.043067121,0.800217618,-1.662063299,271
1.265112061,1.258938469,1.064417936,-0.112829384,0.800217618,-1.25534728,270
1.265112061,0.977474859,1.064417936,-0.008898381,0.800217618,1.184948834,271
1.265112061,0.977474859,1.064417936,-0.008898381,0.800217618,1.184948834,271
1.265112061,0.977474859,1.064417936,0.043067121,0.800217618,1.184948834,271
-0.034224652,2.926715377,1.03427529,-0.008898381,0.800217618,1.32052084,267
0.453026616,2.928115693,1.004132643,0.157391224,-1.1847247,0.371516796,292
-0.250780771,2.928115693,1.004132643,0.157391224,-1.1847247,0.371516796,292
1.265112061,0.977474859,1.004132643,0.043067121,0.800217618,1.184948834,266
1.048555943,0.977474859,1.004132643,0.043067121,0.800217618,1.184948834,266
0.182331467,1.470386255,1.004132643,-0.060863882,0.800217618,1.32052084,266
1.048555943,1.006881505,1.004132643,0.095032623,0.800217618,1.727236859,266
1.265112061,-0.104969767,0.973989997,30.65074755,0.800217618,-1.662063299,267
1.048555943,-0.104969767,0.973989997,-0.31029829,0.800217618,-1.662063299,267
0.453026616,1.291145747,0.973989997,-0.138812135,0.800217618,-1.662063299,263
1.265112061,-0.124574198,0.973989997,0.043067121,0.800217618,-1.662063299,264
1.265112061,0.977474859,0.973989997,0.095032623,0.800217618,1.184948834,264
0.831999824,0.448155236,0.973989997,0.043067121,0.800217618,1.591664853,264
-0.46733689,1.232332456,0.943847351,0.069049872,-1.1847247,0.507088803,288
-0.683893009,1.232332456,0.943847351,0.069049872,-1.1847247,0.507088803,288
-0.900449128,1.995504929,0.943847351,-0.118025934,0.800217618,-0.306343235,261
-0.250780771,1.470386255,0.943847351,-0.060863882,0.800217618,1.32052084,259
1.265112061,0.977474859,0.943847351,-0.008898381,0.800217618,1.591664853,262
0.453026616,0.404745426,0.913704704,0.095032623,0.800217618,-1.662063299,259
0.831999824,1.232332456,0.913704704,0.00149472,-1.1847247,-1.797635305,287
1.265112061,1.232332456,0.913704704,-0.060863882,-1.1847247,-1.797635305,287
1.048555943,1.232332456,0.913704704,-0.060863882,-1.1847247,-1.797635305,287
-0.250780771,1.232332456,0.913704704,0.00149472,-1.1847247,-1.797635305,287
0.831999824,1.232332456,0.913704704,0.089836072,-1.1847247,0.23594479,288
1.265112061,1.232332456,0.913704704,0.095032623,-1.1847247,0.23594479,288
1.048555943,1.232332456,0.913704704,0.095032623,-1.1847247,0.23594479,288
-0.250780771,1.232332456,0.913704704,0.089836072,-1.1847247,0.23594479,288
0.182331467,1.470386255,0.913704704,-0.008898381,0.800217618,1.32052084,259
1.048555943,0.827640998,0.883562058,0.043067121,-1.1847247,-1.662063299,283
0.831999824,0.817838782,0.883562058,-0.060863882,0.800217618,-1.662063299,256
0.398887586,0.817838782,0.883562058,-0.060863882,0.800217618,-1.662063299,256
-0.034224652,1.470386255,0.883562058,0.095032623,0.800217618,1.727236859,255
1.048555943,0.827640998,0.853419412,0.095032623,-1.1847247,-1.662063299,279
-0.034224652,0.816438466,0.853419412,-0.112829384,0.800217618,-1.662063299,252
0.453026616,2.928115693,0.853419412,0.02747747,-1.1847247,-1.25534728,282
0.453026616,2.928115693,0.853419412,0.02747747,-1.1847247,-1.25534728,282
-0.250780771,2.928115693,0.853419412,0.02747747,-1.1847247,-1.25534728,282
-0.900449128,2.272767588,0.853419412,0.063853322,0.800217618,0.778232815,248
-1.117005247,2.272767588,0.853419412,0.063853322,0.800217618,0.778232815,248
-1.333561365,2.272767588,0.853419412,0.063853322,0.800217618,0.778232815,248
-1.550117484,2.272767588,0.853419412,0.063853322,0.800217618,0.778232815,248
-1.766673603,2.272767588,0.853419412,0.063853322,0.800217618,0.778232815,248
-1.983229722,2.272767588,0.853419412,0.063853322,0.800217618,0.778232815,248
-2.199785841,2.272767588,0.853419412,-0.086846633,0.800217618,0.778232815,248
-2.41634196,2.272767588,0.853419412,-0.086846633,0.800217618,0.778232815,248
-2.632898079,2.272767588,0.853419412,-0.086846633,0.800217618,0.778232815,248
-0.250780771,0.5811853,0.823276765,-3.746465116,-1.1847247,-1.25534728,283
-0.900449128,2.272767588,0.823276765,-0.086846633,0.800217618,-0.984203267,245
-1.117005247,2.272767588,0.823276765,-0.086846633,0.800217618,-0.984203267,245
-1.333561365,2.272767588,0.823276765,-0.086846633,0.800217618,-0.984203267,245
-1.550117484,2.272767588,0.823276765,-0.086846633,0.800217618,-0.984203267,245
-1.766673603,2.272767588,0.823276765,-0.086846633,0.800217618,-0.984203267,245
-1.983229722,2.272767588,0.823276765,-0.086846633,0.800217618,-0.984203267,245
1.265112061,1.281343532,0.823276765,-0.138812135,0.800217618,-1.797635305,252
1.048555943,1.281343532,0.823276765,-0.138812135,0.800217618,-1.797635305,252
0.453026616,1.272941633,0.793134119,0.089836072,-1.1847247,-1.662063299,277
0.453026616,1.272941633,0.793134119,0.089836072,-1.1847247,-1.662063299,277
0.831999824,0.816438466,0.793134119,0.043067121,0.800217618,0.778232815,250
0.398887586,0.816438466,0.793134119,0.043067121,0.800217618,0.778232815,250
-0.034224652,1.251936886,0.793134119,0.043067121,-1.1847247,1.32052084,279
1.265112061,0.588186882,0.762991473,-0.112829384,0.800217618,-1.662063299,246
1.265112061,-0.106370084,0.762991473,-0.008898381,0.800217618,-1.662063299,247
0.831999824,0.816438466,0.762991473,-0.060863882,0.800217618,-1.662063299,247
0.615443705,-0.106370084,0.762991473,-0.008898381,0.800217618,-1.662063299,247
0.398887586,0.816438466,0.762991473,-0.060863882,0.800217618,-1.662063299,247
0.453026616,1.272941633,0.762991473,0.089836072,-1.1847247,-1.662063299,274
0.453026616,1.272941633,0.762991473,0.089836072,-1.1847247,-1.662063299,274
-0.46733689,0.5811853,0.732848826,-0.112829384,-1.1847247,-1.25534728,276
-0.683893009,0.5811853,0.732848826,-0.112829384,-1.1847247,-1.25534728,276
-0.034224652,1.77705556,0.732848826,-0.112829384,0.800217618,-1.25534728,245
-0.683893009,3.344009683,0.732848826,-0.060863882,-1.1847247,-1.119775273,270
1.265112061,-0.106370084,0.70270618,-0.060863882,0.800217618,-1.662063299,241
1.265112061,0.448155236,0.70270618,-0.008898381,0.800217618,0.371516796,242
1.048555943,0.448155236,0.70270618,-0.008898381,0.800217618,0.371516796,242
0.182331467,0.816438466,0.672563534,0.095032623,0.800217618,-1.662063299,237
0.831999824,-0.104969767,0.672563534,-0.112829384,0.800217618,-1.797635305,237
0.615443705,-0.104969767,0.672563534,-0.112829384,0.800217618,-1.797635305,237
0.398887586,-0.104969767,0.672563534,-0.112829384,0.800217618,-1.797635305,237
0.398887586,1.562807141,0.672563534,0.095032623,0.800217618,-0.035199223,250
1.048555943,0.543376756,0.672563534,0.146998124,-1.1847247,1.591664853,270
0.831999824,1.232332456,0.642420888,0.043067121,-1.1847247,-1.662063299,262
0.615443705,1.232332456,0.642420888,0.043067121,-1.1847247,-1.662063299,262
0.398887586,1.232332456,0.642420888,0.043067121,-1.1847247,-1.662063299,262
0.398887586,1.470386255,0.642420888,0.095032623,0.800217618,-1.797635305,238
0.831999824,0.827640998,0.642420888,0.043067121,-1.1847247,0.371516796,263
1.048555943,0.827640998,0.642420888,-0.008898381,-1.1847247,0.371516796,263
0.615443705,0.827640998,0.642420888,0.043067121,-1.1847247,0.371516796,263
-0.034224652,0.448155236,0.642420888,0.095032623,0.800217618,0.778232815,238
0.831999824,0.827640998,0.612278241,0.043067121,-1.1847247,0.371516796,260
1.048555943,0.827640998,0.612278241,-0.008898381,-1.1847247,0.371516796,260
0.615443705,0.827640998,0.612278241,0.043067121,-1.1847247,0.371516796,260
0.398887586,0.827640998,0.612278241,0.043067121,-1.1847247,0.371516796,260
1.265112061,0.389341945,0.612278241,0.043067121,0.800217618,0.371516796,235
0.615443705,0.389341945,0.612278241,0.095032623,0.800217618,0.371516796,235
0.831999824,0.448155236,0.612278241,-0.008898381,0.800217618,0.371516796,235
-0.250780771,0.5811853,0.612278241,-0.060863882,-1.1847247,0.778232815,264
-0.46733689,0.5811853,0.612278241,-0.060863882,-1.1847247,0.778232815,264
-0.683893009,0.5811853,0.612278241,-0.060863882,-1.1847247,0.778232815,264
0.615443705,2.60884354,0.612278241,-0.112829384,-1.1847247,1.32052084,265
0.398887586,2.60884354,0.612278241,-0.112829384,-1.1847247,1.32052084,265
-0.034224652,-0.104969767,0.582135595,-0.076453533,0.800217618,-1.662063299,232
0.453026616,0.404745426,0.582135595,-0.242743138,0.800217618,-1.662063299,233
0.831999824,-0.109170717,0.582135595,-0.092043183,0.800217618,-1.797635305,232
1.265112061,-0.109170717,0.582135595,-0.092043183,0.800217618,-1.797635305,232
1.048555943,-0.109170717,0.582135595,-0.092043183,0.800217618,-1.797635305,232
1.048555943,0.448155236,0.582135595,0.043067121,0.800217618,-1.797635305,233
0.615443705,1.264539734,0.582135595,0.095032623,0.800217618,-1.797635305,233
0.182331467,1.264539734,0.582135595,0.095032623,0.800217618,-1.797635305,233
0.182331467,1.562807141,0.582135595,0.146998124,0.800217618,-0.035199223,231
1.265112061,-0.104969767,0.582135595,-0.138812135,0.800217618,0.371516796,233
1.048555943,-0.104969767,0.582135595,-0.138812135,0.800217618,0.371516796,233
1.265112061,-0.40883844,0.582135595,0.095032623,0.800217618,0.778232815,233
1.048555943,0.592387832,0.582135595,-0.008898381,-1.1847247,1.32052084,262
-0.683893009,1.291145747,0.582135595,0.095032623,0.800217618,1.32052084,225
-0.034224652,0.5811853,0.551992949,0.00149472,0.800217618,-1.662063299,231
-0.250780771,0.5811853,0.551992949,0.00149472,0.800217618,-1.662063299,231
0.182331467,-0.106370084,0.551992949,0.095032623,0.800217618,-1.662063299,230
1.265112061,-0.40883844,0.551992949,-0.060863882,0.800217618,-1.25534728,233
0.398887586,0.5811853,0.551992949,-0.102436283,0.800217618,-1.797635305,231
-0.46733689,0.5811853,0.551992949,-0.024488031,0.800217618,0.778232815,230
0.615443705,0.5811853,0.551992949,-0.055667332,0.800217618,0.23594479,230
1.265112061,0.592387832,0.551992949,-0.060863882,-1.1847247,1.184948834,259
1.265112061,-0.137177046,0.521850302,0.095032623,0.800217618,-1.662063299,228
0.831999824,-0.106370084,0.521850302,-0.060863882,0.800217618,-1.662063299,228
0.398887586,-0.106370084,0.521850302,-0.060863882,0.800217618,-1.662063299,228
0.453026616,0.404745426,0.521850302,0.069049872,0.800217618,-1.25534728,227
1.265112061,0.3515334,0.521850302,-0.060863882,0.800217618,0.371516796,228
0.453026616,1.272941633,0.521850302,0.100229173,-1.1847247,0.371516796,253
1.265112061,-0.40883844,0.521850302,0.095032623,0.800217618,1.727236859,228
0.615443705,-0.40883844,0.521850302,0.095032623,0.800217618,1.727236859,228
0.398887586,-0.40883844,0.521850302,-0.060863882,0.800217618,1.727236859,228
0.453026616,-0.104969767,0.491707656,-0.060863882,0.800217618,-1.662063299,224
-0.250780771,-0.104969767,0.491707656,-0.060863882,0.800217618,-1.662063299,224
1.265112061,-0.40883844,0.491707656,-0.112829384,0.800217618,-1.25534728,226
-0.250780771,1.272941633,0.491707656,0.198963626,-1.1847247,-1.25534728,248
0.831999824,0.448155236,0.491707656,-0.008898381,0.800217618,-1.797635305,226
-0.034224652,0.5811853,0.491707656,0.01188782,0.800217618,0.371516796,226
-0.46733689,0.5811853,0.491707656,0.01188782,0.800217618,0.371516796,226
0.453026616,0.404745426,0.491707656,0.069049872,0.800217618,0.371516796,226
1.265112061,0.3515334,0.491707656,-0.060863882,0.800217618,0.371516796,226
0.453026616,1.272941633,0.491707656,0.100229173,-1.1847247,0.371516796,250
0.398887586,0.5811853,0.491707656,-0.055667332,0.800217618,0.23594479,226
-0.250780771,-0.124574198,0.491707656,0.095032623,0.800217618,1.32052084,224
-0.034224652,1.562807141,0.491707656,0.043067121,0.800217618,1.456092847,224
1.265112061,-0.40883844,0.491707656,0.043067121,0.800217618,1.727236859,226
0.453026616,-0.104969767,0.46156501,0.095032623,0.800217618,-1.662063299,224
1.265112061,-0.124574198,0.46156501,0.043067121,0.800217618,-1.662063299,223
1.048555943,-0.124574198,0.46156501,-0.060863882,0.800217618,-1.662063299,223
-0.683893009,1.251936886,0.46156501,0.043067121,0.800217618,-0.848631261,217
0.831999824,-0.104969767,0.46156501,-0.092043183,0.800217618,-0.306343235,223
1.265112061,-0.104969767,0.46156501,-0.092043183,0.800217618,-0.306343235,223
1.048555943,-0.104969767,0.46156501,-0.092043183,0.800217618,-0.306343235,223
-0.46733689,0.5811853,0.46156501,-0.076453533,0.800217618,-0.306343235,223
-0.683893009,0.5811853,0.46156501,-0.076453533,0.800217618,-0.306343235,223
-0.46733689,1.251936886,0.46156501,-0.112829384,-1.1847247,0.100372784,199
1.048555943,0.294120425,0.46156501,0.043067121,-1.1847247,0.371516796,246
1.265112061,-0.106370084,0.46156501,0.043067121,0.800217618,0.371516796,223
0.615443705,-0.106370084,0.46156501,0.043067121,0.800217618,0.371516796,223
1.265112061,0.3515334,0.46156501,-0.060863882,0.800217618,0.371516796,223
0.831999824,-0.104969767,0.46156501,-0.024488031,0.800217618,0.23594479,221
0.615443705,-0.104969767,0.46156501,-0.024488031,0.800217618,0.23594479,221
0.398887586,-0.104969767,0.46156501,-0.024488031,0.800217618,0.23594479,222
1.265112061,-0.40883844,0.46156501,0.095032623,0.800217618,1.727236859,223
1.048555943,-0.114771983,0.431422363,-0.008898381,-1.1847247,-1.662063299,246
0.615443705,-0.114771983,0.431422363,-0.008898381,-1.1847247,-1.662063299,246
0.398887586,-0.114771983,0.431422363,-0.008898381,-1.1847247,-1.662063299,246
0.453026616,-0.104969767,0.431422363,-0.060863882,0.800217618,-1.662063299,221
0.453026616,-0.118972932,0.431422363,0.095032623,0.800217618,-1.662063299,218
-0.250780771,-0.104969767,0.431422363,-0.060863882,0.800217618,-1.662063299,221
1.265112061,-0.124574198,0.431422363,-0.060863882,0.800217618,-1.662063299,221
1.048555943,-0.124574198,0.431422363,-0.060863882,0.800217618,-1.662063299,221
-0.250780771,1.272941633,0.431422363,-0.034881131,-1.1847247,0.778232815,243
0.831999824,-0.109170717,0.431422363,-0.112829384,0.800217618,0.23594479,220
1.048555943,-0.109170717,0.431422363,-0.112829384,0.800217618,0.23594479,220
0.398887586,1.160916316,0.401279717,0.043067121,-1.1847247,-1.662063299,241
0.831999824,-0.137177046,0.401279717,-0.060863882,0.800217618,-1.662063299,218
0.831999824,-0.389234009,0.401279717,-0.008898381,0.800217618,-1.662063299,219
0.615443705,-0.137177046,0.401279717,-0.060863882,0.800217618,-1.662063299,218
-0.034224652,1.77705556,0.401279717,0.043067121,0.800217618,-1.662063299,241
1.265112061,-0.124574198,0.401279717,-0.008898381,0.800217618,-1.662063299,218
0.615443705,1.232332456,0.401279717,0.095032623,-1.1847247,0.371516796,240
-0.034224652,-0.104969767,0.401279717,-0.034881131,0.800217618,0.371516796,217
-0.250780771,-0.104969767,0.401279717,-0.034881131,0.800217618,0.371516796,217
0.615443705,-0.104969767,0.401279717,-0.268725889,0.800217618,0.778232815,220
0.398887586,-0.104969767,0.401279717,-0.268725889,0.800217618,0.778232815,220
-0.250780771,1.272941633,0.401279717,-0.034881131,-1.1847247,0.778232815,240
-0.46733689,0.980275492,0.401279717,-0.112829384,0.800217618,1.32052084,214
0.182331467,-0.124574198,0.401279717,0.043067121,0.800217618,1.727236859,218
0.182331467,-0.389234009,0.371137071,-0.008898381,0.800217618,-1.662063299,215
-0.268971485,-0.104969767,0.371137071,0.032674021,0.800217618,-1.662063299,212
-0.250780771,1.272941633,0.371137071,-0.128419034,-1.1847247,-1.25534728,238
-0.683893009,1.272941633,0.371137071,-0.128419034,-1.1847247,-1.25534728,224
-1.550117484,0.5811853,0.371137071,0.043067121,-1.1847247,-1.119775273,238
1.048555943,-0.104969767,0.371137071,-0.164794885,0.800217618,-0.306343235,217
1.265112061,-0.106370084,0.371137071,0.043067121,0.800217618,0.371516796,215
0.831999824,-0.106370084,0.371137071,0.095032623,0.800217618,0.371516796,215
0.398887586,-0.106370084,0.371137071,0.095032623,0.800217618,0.371516796,215
0.831999824,0.592387832,0.371137071,-0.008898381,-1.1847247,1.184948834,243
0.615443705,0.592387832,0.371137071,-0.008898381,-1.1847247,1.184948834,243
1.265112061,0.592387832,0.371137071,-0.008898381,-1.1847247,1.727236859,243
1.265112061,0.543376756,0.340994424,-0.008898381,-1.1847247,-1.662063299,240
1.048555943,0.543376756,0.340994424,-0.008898381,-1.1847247,-1.662063299,240
0.453026616,-0.104969767,0.340994424,-0.123222484,0.800217618,-1.662063299,213
1.265112061,0.592387832,0.340994424,-0.008898381,-1.1847247,1.184948834,240
1.265112061,0.592387832,0.340994424,-0.008898381,-1.1847247,1.727236859,240
1.265112061,-0.137177046,0.310851778,0.043067121,0.800217618,-1.662063299,211
0.831999824,-0.663696036,0.310851778,0.095032623,0.800217618,-1.662063299,211
0.615443705,-0.137177046,0.310851778,0.043067121,0.800217618,-1.662063299,211
0.615443705,-0.137177046,0.310851778,0.043067121,0.800217618,-1.662063299,211
0.398887586,-0.137177046,0.310851778,0.043067121,0.800217618,-1.662063299,211
0.182331467,0.400544476,0.310851778,-0.112829384,0.800217618,-1.662063299,210
0.831999824,-0.104969767,0.310851778,-0.268725889,0.800217618,-1.119775273,209
0.615443705,-0.104969767,0.310851778,-0.268725889,0.800217618,-1.119775273,209
0.398887586,-0.104969767,0.310851778,-0.268725889,0.800217618,-1.119775273,209
-0.034224652,-0.104969767,0.310851778,-0.268725889,0.800217618,-1.119775273,209
-0.034224652,-0.104969767,0.310851778,-0.112829384,0.800217618,-0.306343235,209
0.831999824,1.232332456,0.310851778,0.095032623,-1.1847247,0.371516796,232
0.615443705,1.232332456,0.310851778,0.095032623,-1.1847247,0.371516796,232
0.398887586,1.232332456,0.310851778,0.095032623,-1.1847247,0.371516796,232
0.453026616,-0.104969767,0.310851778,0.095032623,0.800217618,0.371516796,211
1.265112061,-0.124574198,0.310851778,0.043067121,0.800217618,0.371516796,211
-0.46733689,0.547577705,0.310851778,0.115818823,-1.1847247,0.778232815,232
-0.683893009,0.547577705,0.310851778,0.115818823,-1.1847247,0.778232815,232
0.615443705,0.592387832,0.310851778,0.146998124,-1.1847247,1.727236859,238
0.398887586,1.160916316,0.280709132,0.146998124,-1.1847247,0.371516796,222
0.182331467,-0.106370084,0.280709132,0.095032623,0.800217618,0.371516796,208
0.453026616,-0.104969767,0.280709132,0.095032623,0.800217618,0.371516796,207
1.265112061,-0.124574198,0.280709132,0.043067121,0.800217618,0.371516796,209
1.048555943,-0.124574198,0.280709132,0.069049872,0.800217618,0.371516796,209
0.182331467,-0.124574198,0.280709132,0.069049872,0.800217618,0.371516796,209
0.615443705,-0.104969767,0.280709132,-0.268725889,0.800217618,0.778232815,208
0.398887586,-0.104969767,0.280709132,-0.268725889,0.800217618,0.778232815,208
-0.034224652,-0.104969767,0.280709132,-0.268725889,0.800217618,0.778232815,208
1.265112061,-0.137177046,0.250566485,0.043067121,0.800217618,-1.662063299,206
0.615443705,-0.137177046,0.250566485,0.043067121,0.800217618,-1.662063299,206
0.615443705,-0.40883844,0.250566485,-0.060863882,0.800217618,-1.797635305,206
0.453026616,0.404745426,0.250566485,-0.102436283,0.800217618,0.371516796,206
-0.268971485,-0.104969767,0.250566485,-0.076453533,0.800217618,0.371516796,202
1.265112061,-0.124574198,0.250566485,0.043067121,0.800217618,0.371516796,206
1.265112061,-0.40883844,0.250566485,-0.008898381,0.800217618,0.371516796,206
-0.683893009,-0.106370084,0.220423839,-0.164794885,0.800217618,-0.306343235,199
-0.46733689,0.593788148,0.220423839,0.043067121,-1.1847247,0.371516796,225
-0.683893009,0.593788148,0.220423839,0.043067121,-1.1847247,0.371516796,225
1.265112061,-0.137177046,0.220423839,0.095032623,0.800217618,0.371516796,203
0.831999824,-0.389234009,0.220423839,0.095032623,0.800217618,0.371516796,205
0.182331467,0.400544476,0.220423839,-0.008898381,0.800217618,0.371516796,198
0.453026616,-0.104969767,0.220423839,0.00149472,0.800217618,0.371516796,202
1.265112061,-0.40883844,0.220423839,-0.008898381,0.800217618,0.371516796,204
-1.550117484,0.5811853,0.220423839,-0.008898381,-1.1847247,0.778232815,224
1.048555943,-0.114771983,0.190281193,0.043067121,-1.1847247,-1.662063299,224
0.615443705,-0.114771983,0.190281193,0.043067121,-1.1847247,-1.662063299,224
0.398887586,-0.114771983,0.190281193,0.043067121,-1.1847247,-1.662063299,224
-0.034224652,-0.104969767,0.190281193,-0.112829384,0.800217618,-1.662063299,200
-0.46733689,-0.104969767,0.190281193,-0.112829384,0.800217618,-1.662063299,200
1.048555943,-0.669297302,0.190281193,-0.268725889,0.800217618,-1.662063299,202
1.265112061,0.592387832,0.190281193,0.095032623,-1.1847247,-1.25534728,227
-0.250780771,0.589587199,0.190281193,0.032674021,-1.1847247,0.371516796,221
-0.683893009,0.589587199,0.190281193,0.032674021,-1.1847247,0.371516796,221
0.831999824,-0.137177046,0.190281193,-0.060863882,0.800217618,0.371516796,202
0.615443705,-0.137177046,0.190281193,-0.060863882,0.800217618,0.371516796,202
-0.46733689,-0.109170717,0.190281193,-0.00370183,-1.1847247,0.778232815,224
-0.683893009,-0.109170717,0.190281193,-0.00370183,-1.1847247,0.778232815,224
-0.250780771,-0.106370084,0.190281193,-0.060863882,0.800217618,0.778232815,204
0.453026616,-0.387833693,0.190281193,-0.008898381,0.800217618,0.778232815,200
-0.034224652,1.251936886,0.190281193,0.043067121,-1.1847247,1.32052084,224
-0.46733689,-0.663696036,0.160138546,0.095032623,0.800217618,-1.662063299,198
1.265112061,0.543376756,0.160138546,0.069049872,-1.1847247,0.371516796,224
1.265112061,-0.247802047,0.160138546,0.095032623,-1.1847247,0.371516796,224
1.048555943,-0.247802047,0.160138546,0.095032623,-1.1847247,0.371516796,224
0.182331467,-0.389234009,0.160138546,0.095032623,0.800217618,0.371516796,198
0.831999824,-0.40883844,0.160138546,-0.060863882,0.800217618,0.371516796,199
-0.034224652,-0.40883844,0.160138546,-0.060863882,0.800217618,0.371516796,199
-0.683893009,-0.40883844,0.160138546,-0.060863882,0.800217618,0.371516796,199
1.265112061,-0.40883844,0.160138546,-0.008898381,0.800217618,0.371516796,199
1.265112061,-0.40883844,0.160138546,-0.008898381,0.800217618,0.371516796,199
0.453026616,-0.387833693,0.160138546,-0.008898381,0.800217618,0.778232815,198
0.453026616,-0.387833693,0.160138546,0.095032623,0.800217618,0.778232815,211
1.265112061,-0.663696036,0.1299959,0.043067121,0.800217618,-1.662063299,196
0.615443705,-0.663696036,0.1299959,0.043067121,0.800217618,-1.662063299,196
-0.034224652,0.161090361,0.1299959,-0.008898381,-1.1847247,-1.25534728,218
-0.46733689,0.161090361,0.1299959,-0.008898381,-1.1847247,-1.25534728,218
0.615443705,-0.425642237,0.1299959,-0.216760387,0.800217618,-1.797635305,199
1.048555943,0.592387832,0.1299959,0.043067121,-1.1847247,-1.797635305,221
-0.46733689,1.574009673,0.1299959,0.095032623,0.800217618,-1.797635305,194
0.182331467,-0.124574198,0.1299959,-0.216760387,0.800217618,-0.035199223,194
1.265112061,-0.137177046,0.1299959,-0.008898381,0.800217618,0.371516796,196
0.615443705,-0.137177046,0.1299959,-0.008898381,0.800217618,0.371516796,196
0.182331467,-0.106370084,0.1299959,0.043067121,0.800217618,0.371516796,194
-0.250780771,-0.124574198,0.1299959,0.043067121,0.800217618,0.371516796,193
-0.034224652,0.155489095,0.1299959,-0.216760387,-1.1847247,0.778232815,189
-0.250780771,-0.106370084,0.1299959,-0.060863882,0.800217618,0.778232815,199
-0.034224652,0.161090361,0.099853254,-0.008898381,-1.1847247,-1.25534728,212
-0.46733689,0.161090361,0.099853254,-0.008898381,-1.1847247,-1.25534728,212
-0.683893009,1.272941633,0.099853254,-0.060863882,-1.1847247,-1.25534728,214
1.265112061,0.592387832,0.099853254,0.095032623,-1.1847247,-1.25534728,219
1.048555943,0.592387832,0.099853254,0.095032623,-1.1847247,-1.25534728,219
-0.46733689,-0.109170717,0.099853254,-0.31029829,-1.1847247,-1.119775273,216
-0.46733689,-0.124574198,0.099853254,0.043067121,0.800217618,-1.797635305,194
1.265112061,0.543376756,0.099853254,0.069049872,-1.1847247,0.371516796,219
0.453026616,-0.104969767,0.099853254,-0.008898381,0.800217618,0.371516796,191
0.453026616,-0.104969767,0.099853254,-0.008898381,0.800217618,0.371516796,193
-0.250780771,-0.104969767,0.099853254,-0.008898381,0.800217618,0.371516796,191
-0.250780771,-0.104969767,0.099853254,-0.008898381,0.800217618,0.371516796,193
1.265112061,-0.124574198,0.099853254,0.043067121,0.800217618,0.371516796,194
0.182331467,-0.40883844,0.099853254,-0.008898381,0.800217618,0.371516796,194
0.831999824,-0.425642237,0.069710607,-0.112829384,0.800217618,-1.662063299,192
0.615443705,-0.425642237,0.069710607,-0.112829384,0.800217618,-1.662063299,192
0.182331467,-0.114771983,0.069710607,0.043067121,-1.1847247,-1.662063299,210
-0.034224652,-0.114771983,0.069710607,-0.060863882,-1.1847247,-1.662063299,210
-0.46733689,-0.114771983,0.069710607,0.095032623,-1.1847247,-1.662063299,210
0.398887586,-0.425642237,0.069710607,-0.112829384,0.800217618,-1.662063299,192
-0.034224652,-0.425642237,0.069710607,-0.112829384,0.800217618,-1.662063299,192
0.615443705,-0.663696036,0.069710607,-0.008898381,0.800217618,-1.662063299,192
-0.034224652,-0.669297302,0.069710607,-0.008898381,0.800217618,-1.119775273,192
-0.46733689,-0.124574198,0.069710607,0.095032623,0.800217618,-1.119775273,192
1.048555943,-0.124574198,0.069710607,-0.008898381,0.800217618,-1.797635305,192
0.831999824,-0.124574198,0.069710607,-0.008898381,0.800217618,-1.797635305,192
-0.250780771,-0.106370084,0.069710607,-0.216760387,0.800217618,-0.306343235,192
1.265112061,-0.137177046,0.069710607,-0.008898381,0.800217618,0.371516796,192
0.831999824,-0.663696036,0.069710607,0.095032623,0.800217618,0.371516796,191
0.615443705,-0.137177046,0.069710607,0.095032623,0.800217618,0.371516796,193
0.615443705,-0.137177046,0.069710607,-0.008898381,0.800217618,0.371516796,192
0.398887586,-0.137177046,0.069710607,0.095032623,0.800217618,0.371516796,193
0.182331467,-0.106370084,0.069710607,0.043067121,0.800217618,0.371516796,190
-0.034224652,-0.104969767,0.069710607,-0.060863882,0.800217618,0.371516796,190
-0.46733689,-0.104969767,0.069710607,-0.060863882,0.800217618,0.371516796,190
-0.46733689,-0.137177046,0.069710607,0.043067121,0.800217618,0.371516796,190
1.265112061,-0.669297302,0.069710607,-0.008898381,0.800217618,0.371516796,192
1.265112061,-0.669297302,0.069710607,-0.008898381,0.800217618,0.371516796,192
0.182331467,1.251936886,0.069710607,0.043067121,-1.1847247,1.32052084,212
0.453026616,-0.665096353,0.039567961,-0.112829384,0.800217618,-1.662063299,190
1.265112061,0.543376756,0.039567961,0.069049872,-1.1847247,0.371516796,213
1.265112061,0.543376756,0.039567961,0.069049872,-1.1847247,0.371516796,213
1.265112061,-0.40883844,0.039567961,-0.008898381,0.800217618,0.371516796,190
1.265112061,-0.956362177,0.039567961,0.043067121,0.800217618,0.371516796,190
1.265112061,-0.676298885,0.039567961,-0.060863882,0.800217618,0.371516796,190
1.265112061,0.592387832,0.039567961,0.043067121,-1.1847247,1.727236859,213
1.265112061,0.592387832,0.039567961,-0.008898381,-1.1847247,1.727236859,213
0.831999824,-0.425642237,0.009425315,-0.060863882,0.800217618,-1.662063299,188
1.265112061,-0.425642237,0.009425315,-0.060863882,0.800217618,-1.662063299,188
1.048555943,-0.425642237,0.009425315,-0.060863882,0.800217618,-1.662063299,188
0.615443705,-0.425642237,0.009425315,-0.060863882,0.800217618,-1.662063299,187
0.398887586,-0.425642237,0.009425315,-0.060863882,0.800217618,-1.662063299,187
0.182331467,-0.425642237,0.009425315,-0.060863882,0.800217618,-1.662063299,187
1.265112061,-0.809328949,0.009425315,-0.164794885,0.800217618,-1.662063299,188
0.615443705,-0.809328949,0.009425315,-0.164794885,0.800217618,-1.662063299,188
0.453026616,-0.665096353,0.009425315,-0.112829384,0.800217618,-1.662063299,188
1.265112061,-0.956362177,0.009425315,0.043067121,0.800217618,-1.662063299,187
1.048555943,-0.956362177,0.009425315,0.043067121,0.800217618,-1.662063299,187
0.831999824,0.155489095,0.009425315,0.043067121,-1.1847247,0.23594479,168
0.831999824,-0.425642237,0.009425315,0.043067121,0.800217618,0.23594479,186
1.265112061,-0.425642237,0.009425315,0.043067121,0.800217618,0.23594479,186
1.048555943,-0.425642237,0.009425315,0.043067121,0.800217618,0.23594479,186
0.453026616,-0.390634326,-0.020717332,-0.060863882,0.800217618,-1.662063299,187
-0.250780771,-0.390634326,-0.020717332,-0.060863882,0.800217618,-1.662063299,187
-0.46733689,-0.669297302,-0.020717332,-0.008898381,0.800217618,-1.119775273,183
0.453026616,-0.387833693,-0.020717332,-0.008898381,0.800217618,0.371516796,184
-0.268971485,-0.387833693,-0.020717332,-0.008898381,0.800217618,0.371516796,184
1.265112061,-0.665096353,-0.020717332,0.043067121,0.800217618,0.371516796,185
0.453026616,-0.390634326,-0.020717332,0.043067121,0.800217618,0.778232815,185
0.615443705,-0.425642237,-0.020717332,-0.008898381,0.800217618,0.23594479,183
0.398887586,-0.425642237,-0.020717332,-0.008898381,0.800217618,0.23594479,183
0.182331467,-0.425642237,-0.020717332,-0.008898381,0.800217618,0.23594479,183
-0.034224652,-0.425642237,-0.020717332,-0.008898381,0.800217618,0.23594479,183
-0.683893009,-0.124574198,-0.020717332,0.095032623,0.800217618,1.456092847,177
0.615443705,-1.024977684,-0.050859978,-0.060863882,0.800217618,-1.662063299,181
0.615443705,-0.663696036,-0.050859978,-0.008898381,0.800217618,-1.662063299,183
-0.900449128,-0.106370084,-0.050859978,-0.216760387,0.800217618,-0.306343235,179
-1.117005247,-0.637090024,-0.050859978,0.302894629,0.800217618,-0.306343235,175
-0.683893009,-0.124574198,-0.050859978,-0.060863882,0.800217618,-0.035199223,181
1.048555943,-0.114771983,-0.050859978,0.095032623,-1.1847247,0.371516796,202
0.615443705,-0.114771983,-0.050859978,0.095032623,-1.1847247,0.371516796,202
0.182331467,-0.425642237,-0.050859978,0.043067121,0.800217618,0.371516796,183
0.831999824,-0.663696036,-0.050859978,0.043067121,0.800217618,0.371516796,182
0.615443705,-0.663696036,-0.050859978,0.043067121,0.800217618,0.371516796,182
0.398887586,-0.663696036,-0.050859978,0.043067121,0.800217618,0.371516796,182
0.182331467,-0.124574198,-0.050859978,-0.060863882,0.800217618,0.778232815,182
0.182331467,-0.665096353,-0.050859978,0.095032623,0.800217618,0.778232815,181
0.831999824,-0.425642237,-0.081002624,0.043067121,0.800217618,0.371516796,180
1.265112061,-0.425642237,-0.081002624,0.043067121,0.800217618,0.371516796,180
1.048555943,-0.425642237,-0.081002624,0.043067121,0.800217618,0.371516796,180
0.398887586,-0.425642237,-0.081002624,0.043067121,0.800217618,0.371516796,180
0.182331467,-0.425642237,-0.081002624,0.043067121,0.800217618,0.371516796,180
-0.034224652,-0.425642237,-0.081002624,0.043067121,0.800217618,0.371516796,180
-0.034224652,-0.387833693,-0.081002624,0.043067121,0.800217618,0.371516796,180
1.265112061,-0.663696036,-0.081002624,-0.008898381,0.800217618,0.371516796,179
0.453026616,-0.665096353,-0.081002624,0.043067121,0.800217618,0.371516796,178
-0.268971485,-0.665096353,-0.081002624,0.043067121,0.800217618,0.371516796,178
-0.250780771,0.155489095,-0.081002624,0.00669127,-1.1847247,0.778232815,201
-0.268971485,-0.104969767,-0.081002624,-0.008898381,0.800217618,1.049376828,179
0.453026616,-0.387833693,-0.081002624,-0.008898381,0.800217618,1.049376828,179
-0.683893009,-0.120373248,-0.081002624,-0.123222484,0.800217618,1.049376828,177
-0.683893009,-0.124574198,-0.081002624,0.095032623,0.800217618,1.727236859,174
0.831999824,-0.425642237,-0.111145271,-0.060863882,0.800217618,0.507088803,177
0.615443705,-0.425642237,-0.111145271,-0.060863882,0.800217618,0.507088803,177
-0.250780771,-0.665096353,-0.111145271,-0.060863882,0.800217618,-1.662063299,175
0.398887586,-0.425642237,-0.111145271,-0.060863882,0.800217618,0.371516796,177
-0.034224652,-0.425642237,-0.111145271,-0.008898381,0.800217618,0.371516796,177
1.265112061,-0.663696036,-0.111145271,-0.060863882,0.800217618,0.371516796,176
0.615443705,-0.663696036,-0.111145271,-0.060863882,0.800217618,0.371516796,176
-0.683893009,-0.38503306,-0.111145271,0.043067121,0.800217618,0.778232815,172
0.453026616,-0.390634326,-0.111145271,-0.008898381,0.800217618,0.778232815,178
-0.683893009,-0.120373248,-0.111145271,-0.014094931,0.800217618,0.778232815,174
-0.034224652,-0.114771983,-0.141287917,-0.112829384,-1.1847247,-1.662063299,191
-0.46733689,-0.114771983,-0.141287917,-0.112829384,-1.1847247,-1.662063299,191
1.265112061,-1.024977684,-0.141287917,-0.164794885,0.800217618,-1.662063299,176
0.615443705,-1.024977684,-0.141287917,-0.164794885,0.800217618,-1.662063299,176
0.398887586,0.592387832,-0.141287917,-0.008898381,-1.1847247,-1.797635305,197
-0.250780771,0.875251758,-0.141287917,-0.060863882,-1.1847247,-1.797635305,194
-0.034224652,0.161090361,-0.141287917,-0.008898381,-1.1847247,0.371516796,191
-0.46733689,-0.663696036,-0.141287917,0.095032623,0.800217618,0.371516796,174
0.398887586,-0.124574198,-0.141287917,0.043067121,0.800217618,0.371516796,175
0.615443705,0.592387832,-0.141287917,0.095032623,-1.1847247,0.778232815,196
1.265112061,-0.247802047,-0.171430563,-0.112829384,-1.1847247,-1.25534728,194
1.265112061,-0.247802047,-0.171430563,-0.112829384,-1.1847247,-1.25534728,194
-0.683893009,0.221303969,-0.171430563,-0.102436283,-1.1847247,-1.119775273,189
1.048555943,-0.114771983,-0.171430563,0.146998124,-1.1847247,0.371516796,192
0.615443705,-0.114771983,-0.171430563,0.146998124,-1.1847247,0.371516796,192
0.398887586,-0.114771983,-0.171430563,0.146998124,-1.1847247,0.371516796,192
-0.46733689,0.161090361,-0.171430563,-0.008898381,-1.1847247,0.371516796,190
0.453026616,-0.109170717,-0.171430563,0.089836072,-1.1847247,0.371516796,191
0.453026616,-0.390634326,-0.171430563,0.043067121,0.800217618,0.371516796,171
0.453026616,-0.390634326,-0.171430563,0.043067121,0.800217618,0.371516796,172
0.453026616,-0.665096353,-0.171430563,-0.060863882,0.800217618,0.371516796,172
-0.250780771,-0.390634326,-0.171430563,0.043067121,0.800217618,0.371516796,171
-0.250780771,-0.390634326,-0.171430563,0.043067121,0.800217618,0.371516796,172
-0.268971485,-0.38503306,-0.171430563,-0.060863882,0.800217618,0.371516796,170
1.265112061,-0.665096353,-0.171430563,0.095032623,0.800217618,0.371516796,173
1.048555943,-0.665096353,-0.171430563,-0.008898381,0.800217618,0.371516796,173
0.831999824,0.155489095,-0.171430563,0.032674021,-1.1847247,0.778232815,190
0.615443705,0.155489095,-0.171430563,0.032674021,-1.1847247,0.778232815,190
0.398887586,0.155489095,-0.171430563,0.032674021,-1.1847247,0.778232815,190
-0.034224652,0.155489095,-0.171430563,0.032674021,-1.1847247,0.778232815,190
1.265112061,0.592387832,-0.171430563,-0.008898381,-1.1847247,0.778232815,194
1.265112061,0.592387832,-0.171430563,-0.008898381,-1.1847247,0.778232815,194
-1.766673603,-0.548870086,-0.171430563,0.095032623,0.800217618,0.778232815,165
-1.983229722,-0.548870086,-0.171430563,0.095032623,0.800217618,0.778232815,165
-0.683893009,1.251936886,-0.171430563,-0.112829384,-1.1847247,1.727236859,189
0.615443705,0.592387832,-0.201573209,-0.008898381,-1.1847247,-1.797635305,192
0.182331467,0.592387832,-0.201573209,-0.008898381,-1.1847247,-1.797635305,192
-0.683893009,-0.124574198,-0.201573209,0.095032623,0.800217618,-1.797635305,167
0.398887586,-0.114771983,-0.201573209,0.095032623,-1.1847247,0.371516796,190
0.182331467,-0.114771983,-0.201573209,0.095032623,-1.1847247,0.371516796,187
0.453026616,-0.109170717,-0.201573209,0.037870571,-1.1847247,0.371516796,190
-0.250780771,-0.665096353,-0.201573209,-0.112829384,0.800217618,0.371516796,166
1.265112061,-0.665096353,-0.201573209,-0.060863882,0.800217618,0.371516796,170
-0.034224652,-0.114771983,-0.201573209,-0.008898381,-1.1847247,0.778232815,187
-0.46733689,-0.114771983,-0.201573209,0.095032623,-1.1847247,0.778232815,187
1.048555943,0.592387832,-0.201573209,0.043067121,-1.1847247,0.778232815,192
0.831999824,0.592387832,-0.201573209,0.095032623,-1.1847247,0.778232815,192
0.398887586,0.875251758,-0.201573209,-0.008898381,-1.1847247,0.778232815,190
-0.250780771,-0.38503306,-0.201573209,0.043067121,0.800217618,0.778232815,169
1.265112061,-0.138577362,-0.201573209,-0.060863882,-1.1847247,0.23594479,188
-0.683893009,1.251936886,-0.201573209,-0.112829384,-1.1847247,1.456092847,189
-2.632898079,-0.665096353,-0.231715856,-0.008898381,0.800217618,0.507088803,161
-0.034224652,-0.665096353,-0.231715856,-0.008898381,0.800217618,-1.662063299,166
-0.250780771,-0.665096353,-0.231715856,-0.008898381,0.800217618,-1.662063299,166
-0.900449128,-0.665096353,-0.231715856,-0.294708639,0.800217618,-0.306343235,159
-1.117005247,-0.665096353,-0.231715856,-0.294708639,0.800217618,-0.306343235,159
-1.333561365,-0.665096353,-0.231715856,-0.294708639,0.800217618,-0.306343235,159
-0.683893009,-0.104969767,-0.231715856,-0.008898381,0.800217618,-0.306343235,164
-0.683893009,-0.104969767,-0.231715856,-0.008898381,0.800217618,-0.306343235,165
0.453026616,-0.665096353,-0.231715856,-0.060863882,0.800217618,0.371516796,168
0.453026616,-0.665096353,-0.231715856,-0.112829384,0.800217618,0.371516796,168
0.398887586,-0.806528316,-0.231715856,0.02747747,0.800217618,0.371516796,165
1.265112061,-0.665096353,-0.231715856,-0.060863882,0.800217618,0.371516796,168
-0.034224652,-0.114771983,-0.231715856,0.043067121,-1.1847247,0.778232815,184
-0.268971485,0.221303969,-0.231715856,-0.195974186,-1.1847247,0.778232815,185
1.265112061,0.592387832,-0.231715856,-0.008898381,-1.1847247,0.778232815,189
1.265112061,0.592387832,-0.231715856,-0.008898381,-1.1847247,0.778232815,189
1.048555943,0.592387832,-0.231715856,-0.008898381,-1.1847247,0.778232815,189
-1.333561365,2.272767588,-0.231715856,-0.294708639,0.800217618,0.778232815,262
-0.683893009,-0.38503306,-0.231715856,0.095032623,0.800217618,0.778232815,165
-0.683893009,-0.38503306,-0.231715856,0.043067121,0.800217618,1.049376828,164
1.265112061,-1.503885915,-0.261858502,-0.164794885,0.800217618,-1.662063299,165
1.048555943,-1.503885915,-0.261858502,-0.164794885,0.800217618,-1.662063299,165
0.398887586,-1.024977684,-0.261858502,-0.060863882,0.800217618,-1.662063299,164
-0.034224652,-0.943759329,-0.261858502,-0.112829384,0.800217618,-1.662063299,165
-0.250780771,-0.674898568,-0.261858502,-0.112829384,0.800217618,-1.662063299,165
-0.250780771,-0.674898568,-0.261858502,-0.112829384,0.800217618,-1.662063299,165
0.398887586,-1.083790975,-0.261858502,-0.169991436,0.800217618,-1.662063299,165
-0.683893009,-0.390634326,-0.261858502,0.043067121,0.800217618,-0.306343235,158
1.265112061,0.592387832,-0.261858502,0.043067121,-1.1847247,0.778232815,186
1.265112061,-0.809328949,-0.261858502,-0.060863882,0.800217618,0.371516796,166
0.615443705,-0.809328949,-0.261858502,-0.060863882,0.800217618,0.371516796,166
0.615443705,-0.663696036,-0.261858502,-0.008898381,0.800217618,0.371516796,165
-0.250780771,-0.945159646,-0.261858502,-0.164794885,0.800217618,0.371516796,163
1.265112061,-0.956362177,-0.261858502,0.043067121,0.800217618,0.371516796,166
1.265112061,-0.956362177,-0.261858502,0.043067121,0.800217618,0.371516796,166
-0.46733689,-0.114771983,-0.261858502,0.095032623,-1.1847247,0.778232815,180
-1.117005247,-0.637090024,-0.261858502,-0.008898381,0.800217618,0.778232815,159
-0.683893009,-0.104969767,-0.261858502,-0.060863882,0.800217618,0.778232815,163
-0.250780771,-0.665096353,-0.261858502,-0.112829384,0.800217618,1.049376828,161
-0.46733689,1.251936886,-0.261858502,0.095032623,-1.1847247,1.32052084,182
-1.117005247,-0.665096353,-0.292001148,-0.112829384,0.800217618,0.507088803,159
-0.250780771,-0.961963443,-0.292001148,-0.008898381,0.800217618,-1.662063299,163
-0.46733689,-1.166409647,-0.292001148,-0.008898381,0.800217618,-1.662063299,161
-0.683893009,-0.961963443,-0.292001148,-0.008898381,0.800217618,-1.662063299,163
-0.683893009,-0.665096353,-0.292001148,-0.008898381,0.800217618,-1.662063299,159
-1.333561365,-0.665096353,-0.292001148,-0.008898381,0.800217618,-1.662063299,159
0.831999824,-1.503885915,-0.292001148,-0.164794885,0.800217618,-1.662063299,161
-0.683893009,0.221303969,-0.292001148,-0.008898381,-1.1847247,-1.119775273,178
-0.034224652,0.875251758,-0.292001148,-0.008898381,-1.1847247,-1.797635305,179
1.265112061,-0.809328949,-0.292001148,0.043067121,0.800217618,0.371516796,164
0.615443705,-0.809328949,-0.292001148,0.043067121,0.800217618,0.371516796,164
0.453026616,-0.945159646,-0.292001148,-0.112829384,0.800217618,0.371516796,159
0.398887586,-0.806528316,-0.292001148,0.02747747,0.800217618,0.371516796,162
1.265112061,-0.956362177,-0.292001148,-0.008898381,0.800217618,0.371516796,163
-0.46733689,-0.109170717,-0.292001148,0.00149472,-1.1847247,0.778232815,179
-0.268971485,-0.104969767,-0.292001148,-0.008898381,-1.1847247,0.778232815,178
0.182331467,-0.665096353,-0.292001148,0.043067121,0.800217618,0.778232815,163
1.265112061,-0.138577362,-0.292001148,-0.060863882,-1.1847247,0.23594479,179
-0.683893009,1.251936886,-0.292001148,-0.164794885,-1.1847247,1.456092847,179
-0.034224652,-0.943759329,-0.322143795,-0.112829384,0.800217618,-1.662063299,159
-0.683893009,0.221303969,-0.322143795,-0.008898381,-1.1847247,-1.119775273,176
-0.250780771,0.875251758,-0.322143795,-0.060863882,-1.1847247,-1.797635305,179
-0.683893009,-0.390634326,-0.322143795,0.043067121,0.800217618,-0.306343235,157
0.182331467,-0.124574198,-0.322143795,-0.164794885,-1.1847247,-0.035199223,177
-0.683893009,-0.669297302,-0.322143795,-0.008898381,0.800217618,-0.035199223,159
0.831999824,-0.805127999,-0.322143795,-0.112829384,0.800217618,0.371516796,160
1.048555943,-0.805127999,-0.322143795,-0.112829384,0.800217618,0.371516796,160
0.615443705,-0.805127999,-0.322143795,-0.112829384,0.800217618,0.371516796,160
0.398887586,-0.805127999,-0.322143795,-0.112829384,0.800217618,0.371516796,160
0.182331467,-0.805127999,-0.322143795,-0.112829384,0.800217618,0.371516796,160
-0.034224652,-0.805127999,-0.322143795,-0.112829384,0.800217618,0.371516796,160
-0.250780771,-0.665096353,-0.322143795,-0.112829384,0.800217618,0.371516796,162
0.453026616,-0.945159646,-0.322143795,-0.112829384,0.800217618,0.371516796,159
-0.683893009,-0.665096353,-0.322143795,0.043067121,0.800217618,0.778232815,158
-0.683893009,-0.665096353,-0.322143795,0.043067121,0.800217618,0.778232815,158
-0.250780771,-0.124574198,-0.322143795,0.095032623,-1.1847247,1.727236859,177
-0.250780771,-1.166409647,-0.352286441,-0.060863882,0.800217618,-1.662063299,161
-0.46733689,-1.166409647,-0.352286441,-0.060863882,0.800217618,-1.662063299,159
-0.683893009,-1.166409647,-0.352286441,-0.060863882,0.800217618,-1.662063299,161
-0.683893009,-1.166409647,-0.352286441,-0.060863882,0.800217618,-1.662063299,159
1.265112061,-0.247802047,-0.352286441,-0.216760387,-1.1847247,-1.25534728,178
1.048555943,-0.247802047,-0.352286441,-0.008898381,-1.1847247,-1.25534728,178
-0.683893009,0.221303969,-0.352286441,-0.008898381,-1.1847247,-1.119775273,174
-2.632898079,-0.665096353,-0.352286441,-0.112829384,0.800217618,-0.306343235,152
-0.683893009,1.251936886,-0.352286441,0.095032623,-1.1847247,0.100372784,174
0.831999824,-0.805127999,-0.352286441,-0.112829384,0.800217618,0.371516796,160
1.265112061,-0.805127999,-0.352286441,-0.112829384,0.800217618,0.371516796,158
-0.034224652,-0.665096353,-0.352286441,-0.008898381,0.800217618,0.371516796,158
-0.034224652,-0.961963443,-0.352286441,0.095032623,0.800217618,0.371516796,158
-0.250780771,-0.665096353,-0.352286441,-0.008898381,0.800217618,0.371516796,158
-0.250780771,-0.665096353,-0.352286441,-0.008898381,0.800217618,0.371516796,156
-0.46733689,-0.665096353,-0.352286441,-0.008898381,0.800217618,0.371516796,158
-0.683893009,-0.665096353,-0.352286441,-0.008898381,0.800217618,0.371516796,158
-0.900449128,-0.665096353,-0.352286441,-0.144008685,0.800217618,0.371516796,151
-1.117005247,-0.665096353,-0.352286441,-0.144008685,0.800217618,0.371516796,151
-1.333561365,-0.665096353,-0.352286441,-0.144008685,0.800217618,0.371516796,151
-1.333561365,-0.665096353,-0.352286441,-0.008898381,0.800217618,0.371516796,149
-1.333561365,-0.665096353,-0.352286441,-0.008898381,0.800217618,0.371516796,149
-0.46733689,-0.109170717,-0.352286441,-0.060863882,-1.1847247,0.778232815,174
-0.268971485,0.221303969,-0.352286441,-0.138812135,-1.1847247,0.778232815,173
1.265112061,-0.247802047,-0.352286441,0.095032623,-1.1847247,0.778232815,178
0.398887586,-0.665096353,-0.352286441,0.043067121,0.800217618,0.778232815,158
-0.250780771,-0.665096353,-0.352286441,0.043067121,0.800217618,0.778232815,158
-0.683893009,-0.40883844,-0.352286441,0.095032623,0.800217618,0.778232815,153
-0.683893009,-0.665096353,-0.352286441,-0.164794885,0.800217618,0.778232815,154
-0.683893009,-0.390634326,-0.352286441,-0.008898381,0.800217618,0.778232815,155
0.615443705,0.155489095,-0.352286441,-0.060863882,-1.1847247,0.23594479,181
0.398887586,0.155489095,-0.352286441,-0.060863882,-1.1847247,0.23594479,181
0.182331467,0.155489095,-0.352286441,-0.060863882,-1.1847247,0.23594479,181
-2.578759049,-0.38503306,-0.352286441,0.095032623,0.800217618,1.049376828,153
0.398887586,-0.247802047,-0.352286441,0.043067121,-1.1847247,1.727236859,177
-0.46733689,1.251936886,-0.352286441,0.095032623,-1.1847247,1.727236859,172
1.265112061,-0.247802047,-0.382429087,-0.216760387,-1.1847247,-1.662063299,176
1.048555943,-0.247802047,-0.382429087,-0.216760387,-1.1847247,-1.662063299,176
0.831999824,-0.247802047,-0.382429087,-0.216760387,-1.1847247,-1.662063299,176
-0.683893009,0.221303969,-0.382429087,-0.008898381,-1.1847247,-1.119775273,171
-2.578759049,-0.120373248,-0.382429087,-0.175187986,0.800217618,-1.119775273,152
-2.578759049,-0.104969767,-0.382429087,-0.164794885,0.800217618,-1.119775273,152
-0.034224652,-0.146979261,-0.382429087,-0.008898381,-1.1847247,-1.797635305,175
-1.766673603,-0.637090024,-0.382429087,-0.112829384,0.800217618,-0.306343235,153
-1.983229722,-0.637090024,-0.382429087,-0.112829384,0.800217618,-0.306343235,153
-2.199785841,-0.637090024,-0.382429087,-0.112829384,0.800217618,-0.306343235,153
-2.41634196,-0.637090024,-0.382429087,-0.112829384,0.800217618,-0.306343235,153
-2.632898079,-0.637090024,-0.382429087,-0.112829384,0.800217618,-0.306343235,153
0.453026616,-0.109170717,-0.382429087,0.079442972,-1.1847247,0.371516796,173
0.615443705,-0.663696036,-0.382429087,-0.060863882,0.800217618,0.371516796,156
-0.683893009,-0.665096353,-0.382429087,0.043067121,0.800217618,0.371516796,152
-0.683893009,-0.665096353,-0.382429087,0.043067121,0.800217618,0.371516796,153
0.182331467,-0.956362177,-0.382429087,-0.008898381,0.800217618,0.371516796,156
-0.683893009,-0.665096353,-0.382429087,-0.164794885,0.800217618,0.778232815,153
-0.683893009,-0.390634326,-0.382429087,-0.008898381,0.800217618,0.778232815,154
-2.578759049,-0.38503306,-0.382429087,0.095032623,0.800217618,1.049376828,150
1.265112061,-0.247802047,-0.412571734,-0.112829384,-1.1847247,-1.662063299,173
1.048555943,-0.247802047,-0.412571734,-0.112829384,-1.1847247,-1.662063299,173
-0.683893009,0.221303969,-0.412571734,-0.008898381,-1.1847247,-1.119775273,169
0.831999824,-1.015175469,-0.412571734,-0.164794885,0.800217618,-0.306343235,155
1.048555943,-1.015175469,-0.412571734,-0.164794885,0.800217618,-0.306343235,155
1.048555943,-0.114771983,-0.412571734,0.095032623,-1.1847247,0.371516796,169
0.831999824,-0.114771983,-0.412571734,0.095032623,-1.1847247,0.371516796,169
0.615443705,-0.114771983,-0.412571734,0.095032623,-1.1847247,0.371516796,169
1.265112061,-1.024977684,-0.412571734,-0.112829384,0.800217618,0.371516796,154
0.615443705,-1.024977684,-0.412571734,-0.112829384,0.800217618,0.371516796,154
1.265112061,-0.956362177,-0.412571734,0.043067121,0.800217618,0.371516796,154
0.182331467,-0.146979261,-0.412571734,-0.008898381,-1.1847247,0.778232815,172
1.265112061,0.155489095,-0.412571734,0.146998124,-1.1847247,0.23594479,168
1.048555943,0.155489095,-0.412571734,0.146998124,-1.1847247,0.23594479,168
0.615443705,0.155489095,-0.412571734,-0.008898381,-1.1847247,0.23594479,175
-0.250780771,-0.146979261,-0.412571734,0.095032623,-1.1847247,1.727236859,173
-0.683893009,-0.146979261,-0.412571734,0.095032623,-1.1847247,1.727236859,173
0.398887586,-1.083790975,-0.44271438,-0.102436283,0.800217618,-1.662063299,150
-1.766673603,-0.665096353,-0.44271438,-0.112829384,0.800217618,-0.306343235,145
-1.983229722,-0.665096353,-0.44271438,-0.112829384,0.800217618,-0.306343235,145
-0.034224652,-0.961963443,-0.44271438,-0.008898381,0.800217618,0.371516796,150
-0.250780771,-0.961963443,-0.44271438,0.095032623,0.800217618,0.371516796,154
-0.250780771,-0.961963443,-0.44271438,-0.008898381,0.800217618,0.371516796,150
-0.46733689,-0.961963443,-0.44271438,0.095032623,0.800217618,0.371516796,154
-0.683893009,-0.961963443,-0.44271438,0.095032623,0.800217618,0.371516796,154
1.265112061,-1.503885915,-0.44271438,-0.008898381,0.800217618,0.371516796,151
1.048555943,-1.503885915,-0.44271438,-0.008898381,0.800217618,0.371516796,149
-0.268971485,-0.104969767,-0.44271438,-0.060863882,-1.1847247,0.778232815,167
-1.424514935,-0.665096353,-0.472857026,0.043067121,0.800217618,0.778232815,143
-1.803488143,-0.665096353,-0.472857026,0.043067121,0.800217618,0.778232815,143
-0.46733689,-0.947960278,-0.472857026,-0.060863882,0.800217618,-1.662063299,146
-0.683893009,-0.947960278,-0.472857026,-0.060863882,0.800217618,-1.662063299,146
0.453026616,-0.109170717,-0.472857026,-0.060863882,-1.1847247,0.371516796,165
0.615443705,-1.024977684,-0.472857026,-0.008898381,0.800217618,0.371516796,150
0.615443705,-1.024977684,-0.472857026,-0.112829384,0.800217618,0.371516796,150
-0.034224652,-0.943759329,-0.472857026,-0.008898381,0.800217618,0.371516796,146
-0.250780771,-0.674898568,-0.472857026,-0.008898381,0.800217618,0.371516796,152
-0.250780771,-0.674898568,-0.472857026,-0.008898381,0.800217618,0.371516796,152
-0.250780771,0.221303969,-0.472857026,0.01188782,-1.1847247,0.778232815,164
-0.250780771,0.221303969,-0.472857026,0.043067121,-1.1847247,0.778232815,163
0.398887586,0.155489095,-0.472857026,-0.008898381,-1.1847247,0.23594479,170
0.182331467,0.155489095,-0.472857026,-0.008898381,-1.1847247,0.23594479,170
-0.683893009,-0.665096353,-0.472857026,-0.112829384,0.800217618,1.049376828,146
1.265112061,-0.247802047,-0.472857026,-2.451276955,-1.1847247,1.727236859,167
-0.683893009,-0.146979261,-0.472857026,-0.008898381,-1.1847247,1.727236859,164
-0.683893009,-0.146979261,-0.472857026,0.095032623,-1.1847247,1.727236859,163
-0.034224652,-1.382058382,-0.502999673,-0.060863882,0.800217618,-1.662063299,145
1.265112061,-1.505286231,-0.502999673,-0.268725889,0.800217618,-0.306343235,149
1.048555943,-1.505286231,-0.502999673,-0.268725889,0.800217618,-0.306343235,149
-1.424514935,-0.665096353,-0.502999673,0.043067121,0.800217618,-0.306343235,142
-1.803488143,-0.665096353,-0.502999673,0.043067121,0.800217618,-0.306343235,142
0.182331467,-0.121773565,-0.502999673,-0.060863882,-1.1847247,-0.035199223,165
0.398887586,-0.114771983,-0.502999673,0.095032623,-1.1847247,0.371516796,160
0.453026616,-0.109170717,-0.502999673,0.01708437,-1.1847247,0.371516796,161
0.831999824,-1.503885915,-0.502999673,-0.008898381,0.800217618,0.371516796,146
-0.250780771,-0.947960278,-0.502999673,-0.060863882,0.800217618,0.371516796,145
1.048555943,-0.956362177,-0.502999673,-0.060863882,0.800217618,0.371516796,146
0.615443705,0.155489095,-0.502999673,0.043067121,-1.1847247,0.778232815,161
0.398887586,0.155489095,-0.502999673,0.043067121,-1.1847247,0.778232815,164
-0.034224652,-0.114771983,-0.502999673,-0.060863882,-1.1847247,0.778232815,163
-0.46733689,-0.114771983,-0.502999673,-0.008898381,-1.1847247,0.778232815,163
-0.034224652,-0.146979261,-0.502999673,-0.008898381,-1.1847247,0.778232815,160
-0.250780771,0.221303969,-0.502999673,0.043067121,-1.1847247,0.778232815,161
0.831999824,-1.015175469,-0.502999673,-0.112829384,0.800217618,0.23594479,147
1.048555943,-1.015175469,-0.502999673,-0.112829384,0.800217618,0.23594479,147
0.182331467,-0.146979261,-0.502999673,-0.008898381,-1.1847247,1.727236859,165
-0.250780771,-0.687501416,-0.533142319,-0.008898381,-1.1847247,-1.662063299,159
0.615443705,-0.247802047,-0.533142319,-0.008898381,-1.1847247,-1.797635305,162
-2.199785841,-0.665096353,-0.533142319,0.043067121,0.800217618,-0.306343235,139
-2.41634196,-0.665096353,-0.533142319,0.043067121,0.800217618,-0.306343235,139
0.831999824,-0.812129581,-0.533142319,0.095032623,-1.1847247,0.371516796,158
0.398887586,-0.812129581,-0.533142319,0.095032623,-1.1847247,0.371516796,158
0.453026616,-0.109170717,-0.533142319,-0.008898381,-1.1847247,0.371516796,158
-1.550117484,-0.665096353,-0.533142319,-0.008898381,0.800217618,0.371516796,139
-2.41634196,-0.665096353,-0.533142319,-0.008898381,0.800217618,0.371516796,138
0.398887586,-1.024977684,-0.533142319,-0.008898381,0.800217618,0.371516796,144
-0.46733689,-0.947960278,-0.533142319,-0.060863882,0.800217618,0.371516796,142
-0.683893009,-0.947960278,-0.533142319,-0.060863882,0.800217618,0.371516796,142
0.182331467,-0.956362177,-0.533142319,-0.060863882,0.800217618,0.371516796,144
-0.034224652,-0.677699201,-0.533142319,0.043067121,0.800217618,0.371516796,144
-0.268971485,-1.085191292,-0.533142319,-0.216760387,0.800217618,0.371516796,141
1.265112061,-1.503885915,-0.533142319,-0.008898381,0.800217618,0.371516796,144
1.265112061,-1.503885915,-0.533142319,-0.008898381,0.800217618,0.371516796,144
-0.250780771,0.221303969,-0.533142319,-0.008898381,-1.1847247,0.778232815,158
0.182331467,-0.124574198,-0.533142319,-0.008898381,-1.1847247,0.778232815,158
1.265112061,-1.505286231,-0.533142319,-0.008898381,0.800217618,0.23594479,149
1.048555943,-1.505286231,-0.533142319,-0.008898381,0.800217618,0.23594479,149
-0.250780771,-0.687501416,-0.563284965,-0.008898381,-1.1847247,-1.662063299,155
-0.250780771,-1.382058382,-0.563284965,0.01188782,0.800217618,-1.662063299,139
0.615443705,-0.247802047,-0.563284965,-0.008898381,-1.1847247,-1.797635305,159
0.398887586,-0.146979261,-0.563284965,0.043067121,-1.1847247,-0.035199223,159
-0.034224652,-0.146979261,-0.563284965,0.043067121,-1.1847247,-0.035199223,159
-0.250780771,-0.146979261,-0.563284965,-0.008898381,-1.1847247,-0.035199223,156
-0.683893009,1.251936886,-0.563284965,-0.060863882,-1.1847247,0.100372784,156
0.831999824,0.155489095,-0.563284965,0.043067121,-1.1847247,0.371516796,157
1.048555943,0.155489095,-0.563284965,0.043067121,-1.1847247,0.371516796,157
0.615443705,0.155489095,-0.563284965,0.146998124,-1.1847247,0.371516796,161
0.398887586,0.155489095,-0.563284965,0.146998124,-1.1847247,0.371516796,161
0.182331467,0.155489095,-0.563284965,0.146998124,-1.1847247,0.371516796,161
-0.034224652,0.155489095,-0.563284965,0.146998124,-1.1847247,0.371516796,161
0.453026616,-0.109170717,-0.563284965,-0.008898381,-1.1847247,0.371516796,156
1.048555943,-0.247802047,-0.563284965,0.095032623,-1.1847247,0.371516796,159
-0.46733689,-1.166409647,-0.563284965,-0.008898381,0.800217618,0.371516796,139
-0.683893009,-1.166409647,-0.563284965,-0.008898381,0.800217618,0.371516796,139
-0.900449128,-1.166409647,-0.563284965,-0.008898381,0.800217618,0.371516796,139
-1.333561365,-0.987169139,-0.563284965,-0.008898381,0.800217618,0.371516796,139
-1.333561365,-0.961963443,-0.563284965,-0.008898381,0.800217618,0.371516796,139
0.831999824,0.155489095,-0.563284965,0.043067121,-1.1847247,0.778232815,159
0.615443705,0.155489095,-0.563284965,0.146998124,-1.1847247,0.778232815,161
0.398887586,0.155489095,-0.563284965,0.146998124,-1.1847247,0.778232815,161
0.182331467,0.155489095,-0.563284965,0.146998124,-1.1847247,0.778232815,161
-0.034224652,0.155489095,-0.563284965,0.146998124,-1.1847247,0.778232815,161
0.182331467,-0.146979261,-0.563284965,0.043067121,-1.1847247,0.778232815,158
-0.250780771,0.221303969,-0.563284965,-0.008898381,-1.1847247,0.778232815,156
-1.424514935,-0.665096353,-0.593427612,0.043067121,0.800217618,-0.306343235,136
-1.424514935,-0.665096353,-0.593427612,0.043067121,0.800217618,-0.306343235,136
-1.803488143,-0.665096353,-0.593427612,0.043067121,0.800217618,-0.306343235,136
-1.803488143,-0.665096353,-0.593427612,0.043067121,0.800217618,-0.306343235,136
-0.034224652,-0.146979261,-0.593427612,0.043067121,-1.1847247,-0.035199223,156
-0.46733689,-0.247802047,-0.593427612,-0.060863882,-1.1847247,0.371516796,154
0.453026616,-0.109170717,-0.593427612,-0.008898381,-1.1847247,0.371516796,155
0.615443705,-1.382058382,-0.593427612,-0.008898381,0.800217618,0.371516796,138
0.398887586,-1.083790975,-0.593427612,-0.071256983,0.800217618,0.371516796,138
-0.683893009,0.221303969,-0.593427612,-0.107632834,-1.1847247,0.778232815,154
-0.683893009,-1.041781482,-0.593427612,-0.164794885,0.800217618,0.778232815,135
-0.683893009,-1.041781482,-0.593427612,-0.164794885,0.800217618,0.778232815,136
1.048555943,-1.505286231,-0.593427612,-0.008898381,0.800217618,0.23594479,142
-0.268971485,-1.085191292,-0.593427612,-0.112829384,0.800217618,1.049376828,136
-0.683893009,-0.687501416,-0.623570258,-0.060863882,-1.1847247,-1.662063299,150
-1.424514935,-0.665096353,-0.623570258,0.043067121,0.800217618,-0.306343235,134
-1.803488143,-0.665096353,-0.623570258,0.043067121,0.800217618,-0.306343235,134
-0.683893009,-0.956362177,-0.623570258,-0.112829384,0.800217618,0.100372784,133
1.265112061,0.155489095,-0.623570258,0.043067121,-1.1847247,0.371516796,152
0.182331467,-0.247802047,-0.623570258,-0.060863882,-1.1847247,0.371516796,154
-0.683893009,-0.247802047,-0.623570258,-0.060863882,-1.1847247,0.371516796,152
0.453026616,-0.109170717,-0.623570258,-0.008898381,-1.1847247,0.371516796,153
0.453026616,-0.109170717,-0.623570258,-0.060863882,-1.1847247,0.371516796,153
0.453026616,-0.109170717,-0.623570258,0.043067121,-1.1847247,0.371516796,151
1.265112061,-0.247802047,-0.623570258,-0.008898381,-1.1847247,0.371516796,154
1.265112061,-0.247802047,-0.623570258,-0.008898381,-1.1847247,0.371516796,154
0.398887586,-1.024977684,-0.623570258,-0.112829384,0.800217618,0.371516796,136
-0.46733689,-0.124574198,-0.623570258,0.043067121,-1.1847247,0.778232815,149
-0.250780771,-0.104969767,-0.623570258,-0.060863882,-1.1847247,0.778232815,149
-0.683893009,0.221303969,-0.623570258,0.043067121,-1.1847247,0.778232815,152
0.182331467,-0.146979261,-0.623570258,-0.008898381,-1.1847247,0.778232815,154
-2.199785841,-1.226623255,-0.623570258,-0.112829384,0.800217618,0.778232815,128
-2.41634196,-1.226623255,-0.623570258,-0.112829384,0.800217618,0.778232815,128
-1.424514935,-1.041781482,-0.653712904,0.043067121,0.800217618,0.778232815,130
-1.803488143,-1.041781482,-0.653712904,0.043067121,0.800217618,0.778232815,130
-0.250780771,-0.146979261,-0.653712904,-0.164794885,-1.1847247,-0.035199223,148
0.453026616,-0.109170717,-0.653712904,0.043067121,-1.1847247,0.371516796,149
0.182331467,-1.382058382,-0.653712904,-0.008898381,0.800217618,0.371516796,133
-0.46733689,-0.947960278,-0.653712904,-0.060863882,0.800217618,0.371516796,133
-0.683893009,-0.947960278,-0.653712904,-0.060863882,0.800217618,0.371516796,133
0.398887586,-1.505286231,-0.653712904,-0.123222484,0.800217618,0.371516796,134
0.398887586,-1.083790975,-0.653712904,-0.071256983,0.800217618,0.371516796,133
-0.683893009,0.221303969,-0.653712904,0.043067121,-1.1847247,0.778232815,150
-1.550117484,-1.226623255,-0.653712904,-0.008898381,0.800217618,0.778232815,129
-1.424514935,-1.041781482,-0.683855551,0.043067121,0.800217618,0.778232815,127
-1.803488143,-1.041781482,-0.683855551,0.043067121,0.800217618,0.778232815,127
-2.020044262,-1.041781482,-0.683855551,0.043067121,0.800217618,0.778232815,128
-2.020044262,-1.226623255,-0.683855551,-0.060863882,0.800217618,0.778232815,126
0.615443705,-0.812129581,-0.683855551,0.043067121,-1.1847247,0.371516796,145
0.398887586,-0.812129581,-0.683855551,0.043067121,-1.1847247,0.371516796,145
1.265112061,-0.247802047,-0.683855551,-0.008898381,-1.1847247,0.371516796,149
-0.034224652,-1.382058382,-0.683855551,0.043067121,0.800217618,0.371516796,131
-0.250780771,-0.114771983,-0.683855551,0.043067121,-1.1847247,0.778232815,145
-0.250780771,-0.114771983,-0.683855551,0.043067121,-1.1847247,0.778232815,145
-0.250780771,-0.104969767,-0.683855551,-0.060863882,-1.1847247,0.778232815,146
-0.683893009,0.221303969,-0.683855551,-0.008898381,-1.1847247,0.778232815,147
-0.683893009,0.221303969,-0.683855551,0.043067121,-1.1847247,0.778232815,149
-0.683893009,-0.104969767,-0.683855551,0.095032623,-1.1847247,0.778232815,143
-0.683893009,-1.041781482,-0.683855551,-0.164794885,0.800217618,0.778232815,129
-1.424514935,-1.041781482,-0.713998197,0.043067121,0.800217618,0.778232815,125
-1.803488143,-1.041781482,-0.713998197,0.043067121,0.800217618,0.778232815,125
-2.020044262,-1.226623255,-0.713998197,-0.060863882,0.800217618,0.778232815,125
-0.683893009,-0.146979261,-0.713998197,-0.112829384,-1.1847247,-0.035199223,143
1.048555943,-0.247802047,-0.713998197,0.043067121,-1.1847247,0.371516796,146
0.182331467,-0.247802047,-0.713998197,-0.060863882,-1.1847247,0.371516796,143
-0.034224652,-1.382058382,-0.713998197,0.043067121,0.800217618,0.371516796,128
-0.268971485,-1.505286231,-0.713998197,-0.112829384,0.800217618,0.371516796,127
-0.250780771,-0.856939708,-0.713998197,-0.164794885,-1.1847247,0.778232815,145
-0.250780771,-0.104969767,-0.713998197,-0.216760387,-1.1847247,0.778232815,144
1.048555943,-0.247802047,-0.713998197,-0.008898381,-1.1847247,0.778232815,146
0.398887586,-1.505286231,-0.713998197,-0.133615584,0.800217618,1.049376828,129
-2.020044262,-1.226623255,-0.744140843,-0.112829384,0.800217618,-1.119775273,122
-1.333561365,-0.856939708,-0.744140843,-0.216760387,-1.1847247,0.371516796,138
-1.550117484,-0.856939708,-0.744140843,-0.216760387,-1.1847247,0.371516796,138
-0.034224652,-0.812129581,-0.744140843,-0.112829384,-1.1847247,0.371516796,140
-0.46733689,-0.812129581,-0.744140843,-0.112829384,-1.1847247,0.371516796,140
0.182331467,-0.247802047,-0.744140843,-0.060863882,-1.1847247,0.371516796,143
1.265112061,-0.247802047,-0.744140843,0.043067121,-1.1847247,0.371516796,143
1.265112061,-0.247802047,-0.744140843,0.095032623,-1.1847247,0.371516796,143
-0.034224652,-0.943759329,-0.744140843,-0.112829384,0.800217618,0.371516796,141
-0.46733689,-0.146979261,-0.744140843,0.043067121,-1.1847247,0.778232815,139
-0.683893009,-0.146979261,-0.744140843,0.043067121,-1.1847247,0.778232815,139
1.265112061,-0.247802047,-0.77428349,-0.060863882,-1.1847247,0.371516796,140
1.048555943,-0.247802047,-0.77428349,-0.060863882,-1.1847247,0.371516796,140
1.048555943,-0.247802047,-0.77428349,-0.060863882,-1.1847247,0.371516796,140
0.182331467,-0.247802047,-0.77428349,-0.060863882,-1.1847247,0.371516796,140
-0.250780771,-1.382058382,-0.77428349,0.032674021,0.800217618,0.371516796,124
-0.46733689,-1.155207115,-0.77428349,-0.008898381,0.800217618,0.371516796,124
-0.683893009,-1.155207115,-0.77428349,-0.008898381,0.800217618,0.371516796,124
-0.46733689,-0.856939708,-0.77428349,-0.164794885,-1.1847247,0.778232815,139
-0.683893009,-0.856939708,-0.77428349,-0.164794885,-1.1847247,0.778232815,139
-0.900449128,-0.856939708,-0.77428349,-0.180384536,-1.1847247,0.778232815,135
-1.117005247,-0.856939708,-0.77428349,-0.180384536,-1.1847247,0.778232815,135
-0.683893009,-0.104969767,-0.77428349,-0.008898381,-1.1847247,0.778232815,136
-2.020044262,-1.226623255,-0.804426136,-0.112829384,0.800217618,-1.119775273,119
-1.550117484,-1.225222938,-0.804426136,-0.060863882,0.800217618,-0.306343235,119
-2.632898079,-1.225222938,-0.804426136,-0.060863882,0.800217618,-0.306343235,119
-0.034224652,-0.856939708,-0.804426136,-0.112829384,-1.1847247,0.371516796,135
-0.250780771,-0.856939708,-0.804426136,-0.060863882,-1.1847247,0.371516796,136
1.265112061,-0.247802047,-0.804426136,0.043067121,-1.1847247,0.371516796,138
1.265112061,-0.247802047,-0.804426136,0.095032623,-1.1847247,0.371516796,138
1.048555943,-0.247802047,-0.804426136,0.095032623,-1.1847247,0.371516796,138
-1.117005247,-0.856939708,-0.804426136,0.095032623,-1.1847247,0.778232815,134
-0.683893009,-0.104969767,-0.804426136,-0.008898381,-1.1847247,0.778232815,135
-0.683893009,-0.104969767,-0.804426136,-0.008898381,-1.1847247,0.778232815,134
-0.683893009,-0.104969767,-0.804426136,-0.008898381,-1.1847247,0.778232815,135
-0.683893009,-1.041781482,-0.804426136,-0.034881131,0.800217618,0.778232815,120
-0.683893009,-1.041781482,-0.804426136,-0.253136238,0.800217618,1.049376828,120
-0.683893009,-1.041781482,-0.804426136,-0.034881131,0.800217618,1.049376828,119
-2.578759049,0.589587199,-0.834568782,-0.175187986,-2.177195858,-0.306343235,116
0.398887586,-0.992770405,-0.834568782,-0.123222484,-1.1847247,0.371516796,133
-0.250780771,-0.992770405,-0.834568782,-0.216760387,-1.1847247,0.371516796,132
-0.250780771,-1.382058382,-0.834568782,0.032674021,0.800217618,0.371516796,119
-0.683893009,-1.505286231,-0.834568782,-0.086846633,0.800217618,0.371516796,118
-0.250780771,-0.992770405,-0.834568782,-0.216760387,-1.1847247,1.049376828,131
-2.578759049,0.589587199,-0.864711428,-0.164794885,-2.177195858,-0.306343235,115
-0.250780771,-0.687501416,-0.864711428,-0.008898381,-1.1847247,0.371516796,128
-1.333561365,-0.856939708,-0.864711428,-0.008898381,-1.1847247,0.778232815,129
-0.683893009,-0.992770405,-0.864711428,0.043067121,-1.1847247,0.778232815,130
-2.020044262,-1.226623255,-0.894854075,-0.112829384,0.800217618,-1.119775273,110
-0.683893009,-1.041781482,-0.894854075,-0.253136238,0.800217618,0.778232815,113
-2.020044262,-1.226623255,-0.894854075,-0.060863882,0.800217618,0.778232815,112
0.398887586,-0.812129581,-0.894854075,0.043067121,-1.1847247,0.371516796,127
1.265112061,-0.247802047,-0.894854075,0.043067121,-1.1847247,0.371516796,130
-0.683893009,-0.992770405,-0.894854075,-0.216760387,-1.1847247,1.049376828,127
-2.632898079,-0.856939708,-0.924996721,-0.060863882,-1.1847247,0.778232815,123
-2.578759049,-0.109170717,-0.924996721,-0.060863882,-1.1847247,0.778232815,123
-2.578759049,-0.109170717,-0.924996721,-0.060863882,-1.1847247,0.778232815,124
-0.250780771,-0.856939708,-0.924996721,-0.112829384,-1.1847247,0.371516796,125
-0.250780771,-0.687501416,-0.924996721,-0.008898381,-1.1847247,0.371516796,125
-0.683893009,-0.992770405,-0.924996721,-0.268725889,-1.1847247,0.778232815,125
-0.683893009,-1.505286231,-0.924996721,-0.102436283,0.800217618,1.049376828,110
-2.020044262,-1.226623255,-0.955139367,-0.216760387,0.800217618,-1.119775273,106
-0.46733689,-0.856939708,-0.955139367,0.043067121,-1.1847247,0.371516796,120
-0.683893009,-0.856939708,-0.955139367,0.043067121,-1.1847247,0.371516796,120
-0.900449128,-0.856939708,-0.955139367,0.043067121,-1.1847247,0.371516796,120
-0.250780771,-1.505286231,-0.955139367,-0.112829384,0.800217618,0.371516796,109
-0.683893009,-0.146979261,-0.955139367,-0.008898381,-1.1847247,0.778232815,119
-0.250780771,-1.505286231,-0.955139367,-0.008898381,0.800217618,1.049376828,109
-0.683893009,-1.505286231,-0.955139367,-0.060863882,0.800217618,1.049376828,107
-2.578759049,-0.665096353,-0.985282014,0.095032623,-1.1847247,0.778232815,119
-0.034224652,-0.812129581,-0.985282014,-0.060863882,-1.1847247,0.371516796,118
-0.034224652,-0.812129581,-0.985282014,-0.060863882,-1.1847247,0.371516796,118
-0.250780771,-0.687501416,-0.985282014,-0.060863882,-1.1847247,0.371516796,119
-0.683893009,-0.947960278,-0.985282014,-0.060863882,-1.1847247,0.371516796,118
-0.268971485,-0.992770405,-0.985282014,-0.112829384,-1.1847247,0.371516796,119
1.265112061,-0.91155205,-0.985282014,-0.008898381,-1.1847247,0.371516796,120
1.265112061,-0.91155205,-0.985282014,-0.008898381,-1.1847247,0.371516796,120
-0.683893009,-1.505286231,-0.985282014,-0.060863882,0.800217618,0.371516796,106
-0.683893009,-0.687501416,-0.985282014,-0.008898381,-1.1847247,0.778232815,119
-0.683893009,-0.687501416,-0.985282014,-0.008898381,-1.1847247,0.778232815,117
-0.268971485,-0.992770405,-0.985282014,-0.112829384,-1.1847247,1.049376828,119
-0.683893009,-0.947960278,-1.01542466,-0.060863882,-1.1847247,0.371516796,116
0.831999824,-0.91155205,-1.01542466,-0.008898381,-1.1847247,0.371516796,119
0.398887586,-0.91155205,-1.01542466,-0.008898381,-1.1847247,0.371516796,119
0.453026616,-0.992770405,-1.01542466,-0.107632834,-1.1847247,0.371516796,117
1.265112061,-0.956362177,-1.01542466,0.043067121,-1.1847247,0.371516796,119
-0.683893009,-0.687501416,-1.01542466,-0.164794885,-1.1847247,0.778232815,115
-0.683893009,-0.687501416,-1.01542466,-0.164794885,-1.1847247,0.778232815,115
-1.424514935,-0.992770405,-1.045567306,0.095032623,-1.1847247,0.778232815,112
-1.803488143,-0.992770405,-1.045567306,0.095032623,-1.1847247,0.778232815,112
-2.020044262,-0.665096353,-1.045567306,-0.112829384,-1.1847247,0.778232815,110
0.453026616,-0.806528316,-1.045567306,-0.164794885,-2.177195858,-0.306343235,104
-0.268971485,-0.806528316,-1.045567306,-0.164794885,-2.177195858,-0.306343235,104
1.265112061,-0.91155205,-1.045567306,-0.008898381,-1.1847247,0.371516796,116
-1.550117484,-1.225222938,-1.045567306,-0.112829384,0.800217618,0.371516796,99
-0.683893009,-1.505286231,-1.045567306,-0.253136238,0.800217618,0.371516796,99
-1.424514935,-0.945159646,-1.075709953,-0.008898381,-1.1847247,0.778232815,109
-1.424514935,-0.992770405,-1.075709953,-0.008898381,-1.1847247,0.778232815,109
-1.424514935,-0.945159646,-1.075709953,-0.008898381,-1.1847247,0.778232815,109
-1.803488143,-0.945159646,-1.075709953,-0.008898381,-1.1847247,0.778232815,109
-1.803488143,-0.992770405,-1.075709953,-0.008898381,-1.1847247,0.778232815,109
-1.803488143,-0.992770405,-1.075709953,-0.008898381,-1.1847247,0.778232815,109
-1.803488143,-0.945159646,-1.075709953,-0.008898381,-1.1847247,0.778232815,109
-2.020044262,-0.665096353,-1.075709953,-0.008898381,-1.1847247,0.778232815,108
-2.020044262,-0.665096353,-1.075709953,-0.008898381,-1.1847247,0.778232815,108
-1.333561365,-0.856939708,-1.075709953,-0.008898381,-1.1847247,0.778232815,110
-1.550117484,-0.856939708,-1.075709953,-0.060863882,-1.1847247,0.778232815,105
-0.683893009,-0.687501416,-1.075709953,-0.164794885,-1.1847247,0.778232815,110
-0.683893009,-0.992770405,-1.075709953,-0.008898381,-1.1847247,1.049376828,110
-1.424514935,-0.992770405,-1.105852599,-0.008898381,-1.1847247,0.778232815,107
-1.803488143,-0.992770405,-1.105852599,-0.008898381,-1.1847247,0.778232815,107
-2.020044262,-0.945159646,-1.105852599,-0.216760387,-1.1847247,0.778232815,106
-0.250780771,-0.945159646,-1.105852599,-0.050470782,-1.1847247,0.371516796,109
-0.683893009,-0.992770405,-1.105852599,-0.268725889,-1.1847247,0.778232815,109
-0.683893009,-0.38503306,-1.135995245,-0.164794885,-2.177195858,-0.306343235,92
-2.578759049,-0.38503306,-1.135995245,0.095032623,-2.177195858,-0.306343235,92
-1.766673603,-0.856939708,-1.135995245,-0.060863882,-1.1847247,0.778232815,104
-1.983229722,-0.856939708,-1.135995245,-3.747140667,-1.1847247,0.778232815,104
-2.199785841,-0.856939708,-1.135995245,-0.060863882,-1.1847247,0.778232815,104
-2.41634196,-0.856939708,-1.135995245,-0.060863882,-1.1847247,0.778232815,104
-1.424514935,-0.945159646,-1.166137892,-0.008898381,-1.1847247,0.778232815,103
-1.803488143,-0.945159646,-1.166137892,-0.008898381,-1.1847247,0.778232815,103
-0.683893009,-0.38503306,-1.166137892,-0.164794885,-2.177195858,-0.306343235,89
-0.683893009,-0.38503306,-1.166137892,-0.164794885,-2.177195858,-0.306343235,89
-2.578759049,-0.38503306,-1.166137892,-0.060863882,-2.177195858,-0.306343235,91
-1.424514935,-0.945159646,-1.196280538,-0.008898381,-1.1847247,0.778232815,99
-1.803488143,-0.945159646,-1.196280538,-0.008898381,-1.1847247,0.778232815,99
-1.424514935,-0.38503306,-1.256565831,-0.060863882,-2.177195858,-0.306343235,84
-2.578759049,-0.38503306,-1.256565831,0.095032623,-2.177195858,-0.306343235,82
-2.578759049,-0.38503306,-1.256565831,0.095032623,-2.177195858,-0.306343235,83
-2.578759049,-0.38503306,-1.256565831,0.095032623,-2.177195858,-0.306343235,83
-1.803488143,-0.38503306,-1.256565831,-0.060863882,-2.177195858,-0.306343235,84
-2.020044262,-0.38503306,-1.256565831,-0.060863882,-2.177195858,-0.306343235,82
-2.020044262,-0.945159646,-1.286708477,-0.216760387,-1.1847247,0.778232815,92
-2.578759049,-0.38503306,-1.286708477,0.095032623,-2.177195858,-0.306343235,81
-2.020044262,-0.38503306,-1.286708477,0.095032623,-2.177195858,-0.306343235,81
