Age of vehicle,engine capacity (cc),Fuel consumption (metric combined),fuel type,gearbox,Noise level (dB(A)),Nox emissions (g/km),HC emissions (g/km),CO2 emission (g/km),CO emissions (g/km)
-2.306687585,-0.863443873,-1.689705175,-1.277345062,0.768589942,-0.060877563,0.018,0.018,104,0.063
-1.859830135,-0.863443873,-1.689705175,-1.277345062,0.768589942,-0.060877563,0.018,0.021,104,0.063
-2.53011631,-0.863443873,-1.689705175,-1.277345062,0.768589942,-0.060877563,0.018,0.021,104,0.063
-2.08325886,-0.863443873,-1.689705175,-1.277345062,0.768589942,-3.676004887,0.0001,0.018,104,0.021
-1.412972685,-0.863443873,-1.600473606,-1.277345062,0.768589942,-0.009915057,0.166,0.022,110,0.38
-1.63640141,-0.863443873,-1.600473606,-1.277345062,0.768589942,-0.060877563,0.176,0.026,105,0.36
-0.74268651,-0.695160386,-1.600473606,-1.277345062,0.768589942,-0.162802576,0.179,0.052,110,0.254
-1.63640141,-1.229217074,-1.555857822,0.782047997,0.360397637,-0.11184007,0.007,0.033,99,0.259
-0.74268651,-1.507371599,-1.555857822,0.782047997,0.360397637,-0.249438837,0.02,0.03,99,0.15
-0.74268651,-0.953844094,-1.511242037,-1.277345062,0.360397637,-0.060877563,0.181,0.03,116,0.207
-0.74268651,-0.695160386,-1.511242037,-1.277345062,0.768589942,-0.162802576,0.179,0.052,115,0.254
-0.74268651,-0.953844094,-1.466626253,-1.277345062,0.360397637,-0.060877563,0.181,0.03,118,0.207
-0.74268651,-0.695160386,-1.466626253,-1.277345062,0.768589942,-0.009915057,0.203,0.036,119,0.211
-0.74268651,-0.695160386,-1.466626253,-1.277345062,0.768589942,-0.009915057,0.203,0.036,117,0.211
-0.072400334,-0.818939149,-1.466626253,-1.277345062,0.360397637,-0.060877563,0.18,0.05,118,0.36
-0.74268651,-1.507371599,-1.466626253,0.782047997,0.360397637,-0.060877563,0.02,0.04,106,0.32
-0.519257785,-0.863443873,-1.422010468,-1.277345062,0.360397637,0.04104745,0.199,0.016,120,0.143
-0.74268651,-0.863443873,-1.422010468,-1.277345062,0.360397637,0.04104745,0.199,0.016,120,0.143
-0.966115235,-0.863443873,-1.422010468,-1.277345062,0.360397637,0.04104745,0.199,0.016,120,0.143
-0.295829059,-1.507371599,-1.422010468,0.782047997,0.360397637,-0.11184007,0.01,0.05,109,0.37
-0.74268651,-1.507371599,-1.422010468,0.782047997,1.040718146,-0.060877563,0.01,0.05,107,0.38
-0.295829059,-1.507371599,-1.422010468,0.782047997,1.040718146,-0.009915057,0.03,0.05,109,0.35
-2.121241744,-1.230607847,-1.422010468,0.782047997,-1.136307483,-0.213765083,0.032,0.026,106,0.108
-2.753545036,-0.863443873,-1.377394684,-1.277345062,0.768589942,-0.060877563,0.027,0.031,123,0.016
-0.295829059,-0.863443873,-1.377394684,-1.277345062,0.360397637,-0.11184007,0.211,0.023,125,0.201
-0.74268651,-1.507371599,-1.377394684,0.782047997,1.040718146,-0.101647568,0.02,0.04,110,0.12
-0.74268651,-1.04702586,-1.3327789,0.782047997,0.768589942,-0.249438837,0.016,0.024,113,0.098
-2.121241744,-1.230607847,-1.3327789,0.782047997,-1.136307483,-0.11184007,0.032,0.026,110,0.108
-2.121241744,-1.230607847,-1.3327789,0.782047997,0.768589942,-0.060877563,0.039,0.032,112,0.197
-1.412972685,-0.863443873,-1.288163115,-1.277345062,0.768589942,-0.009915057,0.137,0.022,129,0.371
-0.74268651,-1.507371599,-1.243547331,0.782047997,0.360397637,-0.086358816,0.02,0.07,118,0.4
-0.295829059,-1.384983608,-1.243547331,0.782047997,0.360397637,0.030854949,0.023,0.035,119,0.323
-1.18954396,-0.863443873,-1.198931547,-1.277345062,0.768589942,0.092009956,0.114,0.018,134,0.417
-0.072400334,-0.863443873,-1.198931547,-1.277345062,0.360397637,-0.11184007,0.228,0.029,135,0.129
-0.295829059,-0.863443873,-1.198931547,-1.277345062,0.360397637,-0.060877563,0.227,0.032,136,0.218
-2.753545036,-1.229217074,-1.198931547,0.782047997,-0.319922872,-0.060877563,0.007,0.036,119,0.302
-1.63640141,-1.229217074,-1.198931547,0.782047997,-0.319922872,-0.060877563,0.01,0.039,119,0.366
-0.74268651,-1.04702586,-1.198931547,0.782047997,1.040718146,-0.249438837,0.016,0.024,120,0.098
-0.74268651,-1.04702586,-1.198931547,0.782047997,0.768589942,-0.03539631,0.02,0.07,120,0.24
-0.74268651,-1.04702586,-1.198931547,0.782047997,1.040718146,-0.03539631,0.02,0.07,119,0.24
-2.121241744,-1.230607847,-1.198931547,0.782047997,-1.136307483,-0.11184007,0.032,0.026,119,0.108
-0.966115235,-0.863443873,-1.154315762,-1.277345062,0.768589942,-0.178091328,0.153,0.022,135,0.2
-1.18954396,-0.863443873,-1.154315762,-1.277345062,0.768589942,-0.178091328,0.153,0.022,135,0.2
-0.519257785,-0.863443873,-1.154315762,-1.277345062,0.768589942,-0.162802576,0.192,0.023,139,0.206
-0.74268651,-0.863443873,-1.154315762,-1.277345062,0.768589942,-0.162802576,0.192,0.023,139,0.206
-0.519257785,-1.159678443,-1.154315762,0.782047997,0.360397637,-0.009915057,0.036,0.028,124,0.383
-0.74268651,-1.159678443,-1.154315762,0.782047997,0.360397637,-0.009915057,0.036,0.028,124,0.383
-0.295829059,-1.384983608,-1.154315762,0.782047997,0.360397637,0.030854949,0.023,0.035,124,0.323
-1.412972685,-0.863443873,-1.109699978,-1.277345062,0.360397637,-0.213765083,0.14,0.035,138,0.459
-1.63640141,-0.863443873,-1.109699978,-1.277345062,0.360397637,-0.213765083,0.14,0.075,138,0.459
-0.072400334,-0.818939149,-1.109699978,-1.277345062,0.360397637,-0.11184007,0.22,0.02,140,0.12
-0.072400334,-0.949671776,-1.109699978,0.782047997,0.360397637,-0.11184007,0.22,0.02,141,0.12
-2.121241744,-1.230607847,-1.109699978,0.782047997,-1.136307483,-0.11184007,0.032,0.026,122,0.108
-0.295829059,-0.863443873,-1.065084194,-1.277345062,0.768589942,-0.162802576,0.192,0.023,145,0.206
0.374457116,-1.507371599,-1.065084194,0.782047997,1.040718146,-0.132225072,0.01,0.05,129,0.48
-0.314597072,-1.507371599,-1.065084194,0.782047997,0.360397637,-0.11184007,0.01,0.07,127,0.58
-2.121241744,-1.230607847,-1.065084194,0.782047997,0.768589942,-0.060877563,0.012,0.02,125,0.138
-1.506812749,-1.04702586,-1.065084194,0.782047997,0.768589942,0.04104745,0.013,0.036,125,0.215
-1.897813018,-1.04702586,-1.065084194,0.782047997,0.768589942,0.04104745,0.013,0.036,125,0.215
-0.072400334,-1.384983608,-1.065084194,0.782047997,0.360397637,0.04104745,0.023,0.024,128,0.277
-0.74268651,-1.04702586,-1.020468409,0.782047997,0.768589942,-0.162802576,0.02,0.05,129,0.24
-2.121241744,-1.230607847,-1.020468409,0.782047997,0.768589942,-0.060877563,0.039,0.032,126,0.197
-2.121241744,-1.04702586,-1.020468409,0.782047997,0.768589942,0.04104745,0.007,0.041,128,0.39
-1.506812749,-1.04702586,-1.020468409,0.782047997,0.768589942,0.04104745,0.009,0.041,127,0.28
-1.897813018,-1.04702586,-1.020468409,0.782047997,0.768589942,0.04104745,0.009,0.041,127,0.28
-0.072400334,-1.384983608,-1.020468409,0.782047997,0.360397637,0.04104745,0.023,0.024,131,0.277
-1.63640141,-1.230607847,-0.975852625,0.782047997,0.768589942,-0.009915057,0.025,0.044,129,0.658
0.374457116,-1.507371599,-0.975852625,0.782047997,0.360397637,-0.122032571,0.01,0.05,134,0.3
0.374457116,-1.088749039,-0.975852625,0.782047997,0.360397637,-0.071070064,0.01,0.05,133,0.7
-1.506812749,-1.04702586,-0.975852625,0.782047997,0.768589942,0.04104745,0.008,0.037,130,0.385
-1.897813018,-1.04702586,-0.975852625,0.782047997,0.768589942,0.04104745,0.008,0.037,130,0.385
0.151028391,-1.384983608,-0.975852625,0.782047997,0.360397637,-0.009915057,0.012,0.023,133,0.47
-0.519257785,-0.953844094,-0.975852625,0.782047997,0.360397637,-0.060877563,0.008,0.025,133,0.245
-0.74268651,-0.953844094,-0.975852625,0.782047997,0.360397637,-0.060877563,0.008,0.025,133,0.245
-0.74268651,-0.695160386,-0.931236841,-1.277345062,-1.68056389,-0.060877563,0.176,0.021,150,0.169
1.268172016,0.142084735,-0.931236841,-1.277345062,0.360397637,0.04104745,0.38,0.03,152,0.02
-2.306687585,-1.230607847,-0.931236841,0.782047997,0.768589942,-0.11184007,0.033,0.052,128,0.264
-2.53011631,-1.230607847,-0.931236841,0.782047997,0.768589942,-0.11184007,0.033,0.052,128,0.264
-0.74268651,-0.96218873,-0.931236841,0.782047997,0.088269433,-0.11184007,0.046,0.052,133,0.588
-1.506812749,-0.672908024,-0.931236841,0.782047997,-0.319922872,0.04104745,0.007,0.036,134,0.232
-1.897813018,-0.672908024,-0.931236841,0.782047997,-0.319922872,0.04104745,0.007,0.036,134,0.232
0.374457116,-1.030336588,-0.931236841,0.782047997,0.360397637,-0.11184007,0.036,0.034,136,0.372
1.044743291,-1.507371599,-0.886621056,0.782047997,0.224333535,-0.009915057,0.041,0.066,142,0.584
-0.314597072,-1.090139811,-0.886621056,0.782047997,1.040718146,-0.11184007,0.01,0.05,136,0.49
0.374457116,-1.088749039,-0.886621056,0.782047997,0.360397637,-0.071070064,0.01,0.06,138,0.79
-1.506812749,-0.672908024,-0.886621056,0.782047997,-0.319922872,0.04104745,0.008,0.036,136,0.232
-1.506812749,-0.672908024,-0.886621056,0.782047997,-0.319922872,0.04104745,0.008,0.036,136,0.232
-1.897813018,-0.672908024,-0.886621056,0.782047997,-0.319922872,0.04104745,0.008,0.036,136,0.232
-0.74268651,-1.04702586,-0.886621056,0.782047997,0.768589942,-0.162802576,0.025,0.04,136,0.274
-0.74268651,-1.04702586,-0.886621056,0.782047997,0.768589942,-0.162802576,0.038,0.04,135,0.274
0.597885841,-1.384983608,-0.886621056,0.782047997,0.360397637,-0.009915057,0.01,0.019,138,0.4
0.597885841,0.142084735,-0.842005272,-1.277345062,0.360397637,0.142972463,0.378,0.05,161,0.49
0.374457116,0.142084735,-0.842005272,-1.277345062,0.360397637,0.142972463,0.378,0.05,161,0.49
0.151028391,0.142084735,-0.842005272,-1.277345062,0.360397637,0.142972463,0.378,0.05,161,0.49
-0.072400334,0.142084735,-0.842005272,-1.277345062,0.360397637,0.142972463,0.378,0.05,161,0.49
0.821314566,0.142084735,-0.842005272,-1.277345062,0.768589942,0.04104745,0.393,0.047,159,0.373
0.821314566,0.142084735,-0.842005272,-1.277345062,0.360397637,0.04104745,0.36,0.05,157,0.02
1.044743291,0.142084735,-0.842005272,-1.277345062,0.360397637,0.04104745,0.36,0.05,157,0.02
0.597885841,0.142084735,-0.842005272,-1.277345062,0.768589942,0.142972463,0.454,0.059,161,0.305
0.374457116,0.142084735,-0.842005272,-1.277345062,0.768589942,0.142972463,0.454,0.059,161,0.305
0.151028391,0.142084735,-0.842005272,-1.277345062,0.768589942,0.142972463,0.454,0.059,161,0.305
-0.072400334,0.142084735,-0.842005272,-1.277345062,0.768589942,0.142972463,0.454,0.059,161,0.305
-1.412972685,-0.992785728,-0.842005272,0.782047997,0.360397637,-0.009915057,0.019,0.035,139,0.159
-1.412972685,-0.96775182,-0.842005272,0.782047997,0.360397637,-0.009915057,0.019,0.035,139,0.159
-0.966115235,-1.170804624,-0.842005272,0.782047997,0.360397637,-0.009915057,0.04,0.04,139,0.565
-0.519257785,-1.170804624,-0.842005272,0.782047997,0.360397637,-0.009915057,0.04,0.04,139,0.566
-0.74268651,-1.170804624,-0.842005272,0.782047997,0.360397637,-0.009915057,0.04,0.04,139,0.566
-0.295829059,-1.384983608,-0.842005272,0.782047997,-1.68056389,0.010469946,0.011,0.032,139,0.392
-2.53011631,-0.672908024,-0.797389488,0.782047997,0.360397637,-0.009915057,0.018,0.028,138,0.298
-1.63640141,-0.672908024,-0.797389488,0.782047997,0.360397637,-0.009915057,0.008,0.033,139,0.115
-2.306687585,-0.672908024,-0.797389488,0.782047997,-0.319922872,0.04104745,0.012,0.039,139,0.294
-2.53011631,-0.672908024,-0.797389488,0.782047997,-0.319922872,0.04104745,0.012,0.039,139,0.294
1.268172016,-1.507371599,-0.797389488,0.782047997,0.224333535,-0.009915057,0.028,0.064,149,0.614
1.044743291,-1.507371599,-0.797389488,0.782047997,0.224333535,-0.009915057,0.041,0.066,149,0.584
-0.314597072,-1.090139811,-0.797389488,0.782047997,0.360397637,-0.213765083,0.01,0.04,141,0.39
-0.072400334,-0.685424977,-0.797389488,0.782047997,0.360397637,0.04104745,0.014,0.058,144,0.148
0.151028391,-0.96218873,-0.797389488,0.782047997,0.360397637,-0.060877563,0.033,0.064,144,0.218
-0.519257785,-0.953844094,-0.797389488,0.782047997,0.360397637,-0.060877563,0.008,0.025,142,0.245
-0.74268651,-0.953844094,-0.797389488,0.782047997,0.360397637,-0.060877563,0.008,0.025,142,0.245
0.374457116,-1.030336588,-0.797389488,0.782047997,0.360397637,-0.009915057,0.036,0.036,144,0.384
1.268172016,-1.505980826,-0.797389488,0.782047997,0.360397637,-0.009915057,0.025,0.071,144,0.209
-0.072400334,-0.126334382,-0.752773703,-1.277345062,0.768589942,-0.060877563,0.199,0.011,163,0.085
0.597885841,0.142084735,-0.752773703,-1.277345062,0.768589942,0.04104745,0.406,0.043,161,0.336
0.374457116,0.142084735,-0.752773703,-1.277345062,0.768589942,0.04104745,0.455,0.051,164,0.187
0.821314566,-1.02060118,-0.752773703,0.782047997,0.224333535,-0.11184007,0.033,0.047,147,0.662
1.044743291,-1.02060118,-0.752773703,0.782047997,0.224333535,-0.11184007,0.033,0.047,147,0.662
1.044743291,-1.507371599,-0.752773703,0.782047997,-0.319922872,-0.264727589,0.022,0.077,149,0.517
1.268172016,-1.507371599,-0.752773703,0.782047997,-0.319922872,-0.264727589,0.029,0.106,149,0.828
1.044743291,-0.96218873,-0.752773703,0.782047997,0.360397637,-0.060877563,0.025,0.068,146,0.258
-1.506812749,-0.672908024,-0.752773703,0.782047997,-0.319922872,0.04104745,0.007,0.039,142,0.262
-1.897813018,-0.672908024,-0.752773703,0.782047997,-0.319922872,0.04104745,0.007,0.039,142,0.262
-0.072400334,-1.384983608,-0.752773703,0.782047997,-1.68056389,-0.060877563,0.008,0.031,145,0.278
-0.295829059,-0.953844094,-0.752773703,0.782047997,0.360397637,-0.060877563,0.011,0.041,145,0.361
0.821314566,-1.505980826,-0.752773703,0.782047997,0.360397637,-0.009915057,0.012,0.052,146,0.42
0.374457116,0.142084735,-0.708157919,-1.277345062,0.224333535,-0.009915057,0.378,0.048,170,0.336
0.151028391,0.142084735,-0.708157919,-1.277345062,0.224333535,-0.009915057,0.378,0.048,170,0.336
-0.74268651,-0.672908024,-0.708157919,0.782047997,1.040718146,-0.11184007,0.019,0.035,146,0.387
-1.506812749,-0.672908024,-0.708157919,0.782047997,0.768589942,0.04104745,0.009,0.038,143,0.492
-1.897813018,-0.672908024,-0.708157919,0.782047997,0.768589942,0.04104745,0.009,0.038,143,0.492
-0.295829059,-0.682643432,-0.708157919,0.782047997,0.360397637,-0.009915057,0.012,0.031,152,0.425
0.597885841,-1.030336588,-0.708157919,0.782047997,0.360397637,-0.11184007,0.01,0.034,150,0.4
0.597885841,-1.030336588,-0.708157919,0.782047997,0.360397637,-0.009915057,0.02,0.038,150,0.32
-0.519257785,-0.953844094,-0.708157919,0.782047997,-1.68056389,-0.060877563,0.007,0.044,146,0.216
-0.74268651,-0.953844094,-0.708157919,0.782047997,-1.68056389,-0.060877563,0.007,0.044,146,0.216
-0.072400334,-0.949671776,-0.708157919,0.782047997,0.360397637,-0.009915057,0.013,0.056,146,0.582
-0.295829059,-0.96775182,-0.663542135,0.782047997,0.360397637,0.092009956,0.022,0.032,154,0.483
-0.519257785,-0.96775182,-0.663542135,0.782047997,0.360397637,0.092009956,0.022,0.032,154,0.483
-0.74268651,-0.96775182,-0.663542135,0.782047997,0.360397637,0.092009956,0.022,0.032,154,0.483
-0.072400334,-0.96775182,-0.663542135,0.782047997,0.360397637,-0.009915057,0.019,0.037,150,0.586
-0.295829059,-0.96775182,-0.663542135,0.782047997,0.360397637,-0.009915057,0.019,0.037,150,0.586
-1.859830135,-0.672908024,-0.663542135,0.782047997,-0.319922872,-0.11184007,0.016,0.052,145,0.439
-2.08325886,-0.672908024,-0.663542135,0.782047997,-0.319922872,-0.11184007,0.016,0.052,145,0.439
0.374457116,-1.088749039,-0.663542135,0.782047997,-1.68056389,-0.101647568,0.01,0.07,150,0.72
1.268172016,-1.505980826,-0.663542135,0.782047997,0.360397637,-0.009915057,0.012,0.048,151,0.564
1.044743291,-1.505980826,-0.663542135,0.782047997,0.360397637,-0.009915057,0.012,0.048,149,0.564
1.268172016,0.142084735,-0.61892635,-1.277345062,0.224333535,0.142972463,0.396,0.042,168,0.212
1.044743291,0.142084735,-0.61892635,-1.277345062,0.224333535,0.142972463,0.396,0.042,168,0.212
0.597885841,0.142084735,-0.61892635,-1.277345062,0.224333535,-0.009915057,0.411,0.024,175,0.287
0.821314566,-1.02060118,-0.61892635,0.782047997,-0.319922872,-0.162802576,0.035,0.068,155,0.628
1.044743291,-1.02060118,-0.61892635,0.782047997,-0.319922872,-0.162802576,0.035,0.068,155,0.628
1.268172016,-0.96218873,-0.61892635,0.782047997,0.360397637,0.04104745,0.023,0.043,154,0.251
1.268172016,-1.030336588,-0.61892635,0.782047997,0.360397637,-0.11184007,0.01,0.044,154,0.49
0.597885841,-1.030336588,-0.61892635,0.782047997,0.360397637,-0.11184007,0.01,0.044,154,0.49
-1.859830135,-0.645092571,-0.574310566,0.782047997,-0.319922872,-0.11184007,0.007,0.026,153,0.236
-2.08325886,-0.645092571,-0.574310566,0.782047997,-0.319922872,-0.11184007,0.007,0.026,153,0.236
-2.306687585,-0.645092571,-0.574310566,0.782047997,-0.319922872,-0.11184007,0.007,0.026,153,0.236
-2.53011631,-0.645092571,-0.574310566,0.782047997,-0.319922872,-0.11184007,0.007,0.026,153,0.236
-2.753545036,-0.645092571,-0.574310566,0.782047997,-0.319922872,-0.11184007,0.007,0.26,153,0.236
-0.74268651,-0.672908024,-0.574310566,0.782047997,0.360397637,0.04104745,0.01,0.03,152,0.21
-0.74268651,-0.672908024,-0.574310566,0.782047997,0.360397637,0.04104745,0.01,0.03,153,0.21
-0.74268651,-0.400316589,-0.574310566,0.782047997,0.768589942,-0.009915057,0.02,0.03,154,0.21
-0.74268651,-0.672908024,-0.574310566,0.782047997,0.768589942,-0.162802576,0.011,0.026,153,0.372
-2.697687854,-0.116598973,-0.574310566,0.782047997,-1.136307483,-0.162802576,0.023,0.042,152,0.309
-2.697687854,-0.131897472,-0.574310566,0.782047997,-1.136307483,-0.172995078,0.024,0.042,152,0.309
-2.697687854,-0.394753499,-0.574310566,0.782047997,1.040718146,0.092009956,0.014,0.047,150,0.278
0.151028391,-0.96218873,-0.574310566,0.782047997,0.360397637,-0.009915057,0.019,0.032,156,0.176
0.597885841,-0.671517251,-0.574310566,0.782047997,0.360397637,-0.060877563,0.04,0.041,156,0.44
-0.519257785,-0.120771291,-0.529694782,-1.277345062,0.768589942,-0.060877563,0.131,0.033,174,0.359
0.597885841,0.142084735,-0.529694782,-1.277345062,0.224333535,-0.060877563,0.387,0.111,181,0.206
0.374457116,0.142084735,-0.529694782,-1.277345062,0.224333535,-0.060877563,0.387,0.111,181,0.206
0.151028391,0.142084735,-0.529694782,-1.277345062,0.224333535,-0.060877563,0.387,0.111,181,0.206
-2.753545036,-0.672908024,-0.529694782,0.782047997,-0.319922872,-0.11184007,0.022,0.029,152,0.876
-1.18954396,-0.672908024,-0.529694782,0.782047997,0.360397637,-0.142417574,0.019,0.035,151,0.3
-1.412972685,-0.672908024,-0.529694782,0.782047997,0.360397637,-0.142417574,0.019,0.035,151,0.3
-0.966115235,-0.672908024,-0.529694782,0.782047997,0.360397637,-0.142417574,0.032,0.035,151,0.3
-0.295829059,-0.672908024,-0.529694782,0.782047997,0.360397637,-0.009915057,0.016,0.037,156,0.318
-0.072400334,-0.96775182,-0.529694782,0.782047997,0.360397637,0.092009956,0.035,0.037,158,0.595
-0.072400334,-0.672908024,-0.529694782,0.782047997,0.360397637,-0.009915057,0.016,0.038,158,0.358
-0.295829059,-0.672908024,-0.529694782,0.782047997,0.360397637,-0.009915057,0.016,0.038,158,0.358
-0.519257785,-0.672908024,-0.529694782,0.782047997,0.360397637,-0.009915057,0.016,0.038,158,0.358
-0.74268651,-0.672908024,-0.529694782,0.782047997,0.360397637,-0.009915057,0.016,0.038,158,0.358
-1.412972685,-0.672908024,-0.529694782,0.782047997,0.360397637,-0.009915057,0.019,0.04,149,0.223
-1.412972685,-0.672908024,-0.529694782,0.782047997,0.360397637,-0.009915057,0.019,0.04,149,0.233
0.821314566,-0.811985286,-0.529694782,0.782047997,0.360397637,-0.11184007,0.028,0.052,160,0.684
-0.295829059,-1.170804624,-0.529694782,0.782047997,-1.68056389,-0.060877563,0.028,0.084,161,0.705
-0.519257785,-1.170804624,-0.529694782,0.782047997,-1.68056389,-0.060877563,0.028,0.084,159,0.705
-0.74268651,-1.170804624,-0.529694782,0.782047997,-1.68056389,-0.060877563,0.028,0.084,161,0.705
-0.74268651,-1.170804624,-0.529694782,0.782047997,-1.68056389,-0.060877563,0.028,0.084,159,0.705
1.268172016,-0.811985286,-0.529694782,0.782047997,0.360397637,-0.11184007,0.084,0.087,158,0.504
-0.295829059,-0.672908024,-0.529694782,0.782047997,0.768589942,0.04104745,0.046,0.025,158,0.066
-0.74268651,-0.400316589,-0.529694782,0.782047997,0.768589942,-0.009915057,0.02,0.03,155,0.21
-0.74268651,-0.418396633,-0.529694782,0.782047997,0.768589942,0.092009956,0.034,0.043,153,0.303
0.374457116,-0.672908024,-0.529694782,0.782047997,0.768589942,0.04104745,0.051,0.065,158,0.26
-0.74268651,-0.672908024,-0.529694782,0.782047997,0.768589942,-0.162802576,0.011,0.026,154,0.371
-2.697687854,-0.394753499,-0.529694782,0.782047997,1.040718146,0.092009956,0.014,0.047,153,0.278
0.821314566,-0.811985286,-0.485078997,0.782047997,0.360397637,-0.11184007,0.028,0.052,160,0.684
1.044743291,-0.811985286,-0.485078997,0.782047997,0.360397637,-0.11184007,0.028,0.052,160,0.684
0.597885841,-0.811985286,-0.485078997,0.782047997,0.360397637,-0.11184007,0.028,0.052,160,0.684
0.374457116,-0.811985286,-0.485078997,0.782047997,0.360397637,-0.11184007,0.028,0.052,160,0.684
0.151028391,-0.811985286,-0.485078997,0.782047997,0.360397637,-0.11184007,0.028,0.052,160,0.684
-0.072400334,-0.811985286,-0.485078997,0.782047997,0.360397637,-0.11184007,0.028,0.052,160,0.684
-0.295829059,-0.672908024,-0.485078997,0.782047997,0.360397637,-0.11184007,0.026,0.062,162,0.236
-0.74268651,-0.677080342,-0.485078997,0.782047997,-0.047794669,-0.009915057,0.019,0.024,159,0.24
-0.74268651,-0.672908024,-0.485078997,0.782047997,0.768589942,0.04104745,0.01,0.03,158,0.23
-0.74268651,-0.400316589,-0.485078997,0.782047997,-0.319922872,0.04104745,0.01,0.04,157,0.24
0.430314297,-0.951062549,-0.485078997,0.782047997,0.360397637,-0.11184007,0.02,0.07,159,0.47
-0.072400334,-0.949671776,-0.485078997,0.782047997,-1.68056389,-0.11184007,0.13,0.031,159,0.221
-0.519257785,-0.120771291,-0.440463213,-1.277345062,0.768589942,0.000277445,0.174,0.021,179,0.213
1.268172016,-0.149977516,-0.440463213,-1.277345062,0.224333535,-0.060877563,0.388,0.029,179,0.35
-0.74268651,-0.672908024,-0.440463213,0.782047997,-1.68056389,-0.009915057,0.014,0.044,159,0.192
-1.412972685,-0.672908024,-0.440463213,0.782047997,-1.68056389,-0.009915057,0.009,0.054,159,0.344
-1.18954396,-0.672908024,-0.440463213,0.782047997,0.496461739,-0.11184007,0.026,0.062,159,0.236
-0.295829059,-0.96775182,-0.440463213,0.782047997,-1.68056389,-0.009915057,0.026,0.075,163,0.301
-0.519257785,-1.170804624,-0.440463213,0.782047997,-1.68056389,-0.009915057,0.026,0.075,161,0.301
-0.74268651,-0.96775182,-0.440463213,0.782047997,-1.68056389,-0.009915057,0.026,0.075,163,0.301
0.374457116,-0.813376059,-0.440463213,0.782047997,0.360397637,0.025758698,0.013,0.063,162,0.621
0.430314297,-0.951062549,-0.440463213,0.782047997,0.360397637,-0.11184007,0.02,0.07,159,0.47
0.151028391,-0.672908024,-0.440463213,0.782047997,0.768589942,0.04104745,0.044,0.023,163,0.068
0.821314566,-1.505980826,-0.440463213,0.782047997,-1.68056389,-0.162802576,0.048,0.054,161,0.432
1.268172016,-0.816157604,-0.440463213,0.782047997,0.360397637,0.04104745,0.036,0.058,164,0.444
0.597885841,-0.816157604,-0.440463213,0.782047997,0.360397637,0.04104745,0.036,0.06,164,0.44
1.268172016,-0.96218873,-0.440463213,0.782047997,0.360397637,-0.009915057,0.04,0.074,163,0.121
-1.18954396,-0.645092571,-0.395847428,0.782047997,0.768589942,-0.009915057,0.005,0.03,159,0.215
-0.74268651,-0.116598973,-0.395847428,0.782047997,0.768589942,-0.060877563,0.01,0.03,163,0.34
-0.74268651,-0.400316589,-0.395847428,0.782047997,-0.319922872,0.04104745,0.01,0.04,158,0.24
-0.295829059,-0.951062549,-0.395847428,0.782047997,0.360397637,-0.162802576,0.011,0.041,163,0.476
-0.295829059,-0.672908024,-0.395847428,0.782047997,1.040718146,-0.11184007,0.028,0.045,161,0.584
0.374457116,-1.088749039,-0.395847428,0.782047997,-1.68056389,-0.167898827,0.03,0.06,165,0.23
1.268172016,-0.816157604,-0.395847428,0.782047997,0.360397637,-0.060877563,0.02,0.018,166,0.2
0.597885841,-0.816157604,-0.395847428,0.782047997,0.360397637,-0.060877563,0.02,0.018,166,0.2
-0.295829059,-0.682643432,-0.395847428,0.782047997,-1.68056389,-0.11184007,0.018,0.034,165,0.368
-0.072400334,-0.949671776,-0.395847428,0.782047997,-1.68056389,-0.11184007,0.024,0.037,165,0.334
0.374457116,-1.030336588,-0.395847428,0.782047997,-1.68056389,-0.060877563,0.036,0.037,164,0.312
0.597885841,-0.671517251,-0.395847428,0.782047997,0.360397637,-0.009915057,0.05,0.047,165,0.36
1.044743291,-1.505980826,-0.395847428,0.782047997,-1.68056389,-0.162802576,0.04,0.066,165,0.456
1.268172016,-1.505980826,-0.395847428,0.782047997,-1.68056389,-0.162802576,,0.066,165,0.456
1.268172016,-0.96218873,-0.395847428,0.782047997,0.360397637,0.04104745,0.04,0.086,166,0.301
1.268172016,-0.96218873,-0.395847428,0.782047997,0.360397637,0.04104745,0.074,0.086,166,0.301
-0.072400334,-0.126334382,-0.351231644,-1.277345062,0.768589942,0.04104745,0.218,0.008,184,0.148
-2.753545036,-0.672908024,-0.351231644,0.782047997,0.496461739,-0.009915057,0.041,0.03,161,0.489
-0.072400334,-0.672908024,-0.351231644,0.782047997,-1.68056389,-0.009915057,0.014,0.044,166,0.197
-0.295829059,-0.672908024,-0.351231644,0.782047997,-1.68056389,-0.009915057,0.014,0.044,166,0.197
-1.18954396,-0.672908024,-0.351231644,0.782047997,-0.319922872,-0.290208842,0.009,0.045,159,0.311
-1.412972685,-0.672908024,-0.351231644,0.782047997,-0.319922872,-0.290208842,0.009,0.045,159,0.311
-1.412972685,2.244932945,-0.351231644,0.782047997,0.768589942,-0.290208842,0.009,0.045,262,0.311
-0.966115235,-0.672908024,-0.351231644,0.782047997,-0.319922872,-0.290208842,0.042,0.045,159,0.311
-0.74268651,-0.394753499,-0.351231644,0.782047997,0.768589942,0.092009956,0.02,0.02,165,0.2
-0.74268651,-0.116598973,-0.351231644,0.782047997,-0.319922872,-0.009915057,0.01,0.04,164,0.19
-0.74268651,-0.116598973,-0.351231644,0.782047997,-0.319922872,-0.009915057,0.01,0.04,165,0.19
-0.74268651,-0.394753499,-0.351231644,0.782047997,1.040718146,0.04104745,0.01,0.05,164,0.26
0.430314297,-0.672908024,-0.351231644,0.782047997,0.360397637,-0.11184007,0.03,0.06,168,0.55
0.374457116,-0.813376059,-0.351231644,0.782047997,0.360397637,0.025758698,0.013,0.063,165,0.621
0.430314297,-0.672908024,-0.351231644,0.782047997,0.360397637,-0.060877563,0.03,0.06,168,0.55
1.268172016,-0.672908024,-0.351231644,0.782047997,0.360397637,-0.060877563,0.047,0.083,168,0.504
-0.072400334,-0.126334382,-0.30661586,-1.277345062,0.768589942,-0.009915057,0.218,0.008,187,0.148
1.268172016,-0.149977516,-0.30661586,-1.277345062,0.224333535,-0.060877563,0.388,0.029,188,0.35
-0.295829059,-0.394753499,-0.30661586,0.782047997,0.768589942,0.04104745,0.02,0.018,169,0.326
-0.295829059,-0.672908024,-0.30661586,0.782047997,0.360397637,-0.11184007,0.03,0.059,166,0.811
-0.74268651,-0.13606979,-0.30661586,0.782047997,-1.408435687,0.092009956,0.023,0.071,167,0.76
1.268172016,-0.672908024,-0.30661586,0.782047997,0.360397637,-0.060877563,0.047,0.083,170,0.504
0.821314566,0.142084735,-0.262000075,-1.277345062,0.768589942,0.030854949,0.45,0.04,190,0.43
0.597885841,0.142084735,-0.262000075,-1.277345062,0.768589942,0.030854949,0.45,0.04,190,0.43
0.374457116,0.142084735,-0.262000075,-1.277345062,0.768589942,0.030854949,0.45,0.04,190,0.43
-0.072400334,0.142084735,-0.262000075,-1.277345062,0.768589942,0.030854949,0.45,0.04,190,0.43
-1.859830135,-0.557473896,-0.262000075,0.782047997,0.768589942,0.092009956,0.004,0.024,165,0.248
-2.08325886,-0.557473896,-0.262000075,0.782047997,0.768589942,0.092009956,0.004,0.024,165,0.248
0.430314297,-0.400316589,-0.262000075,0.782047997,0.360397637,0.04104745,0.05,0.03,171,0.48
0.430314297,-0.400316589,-0.262000075,0.782047997,0.360397637,0.04104745,0.05,0.03,172,0.48
-0.295829059,-0.400316589,-0.262000075,0.782047997,0.360397637,0.04104745,0.05,0.03,171,0.48
-0.295829059,-0.400316589,-0.262000075,0.782047997,0.360397637,0.04104745,0.05,0.03,172,0.48
-0.314597072,-0.394753499,-0.262000075,0.782047997,0.360397637,-0.060877563,0.01,0.04,170,0.422
0.430314297,-0.672908024,-0.262000075,0.782047997,0.360397637,-0.060877563,0.03,0.06,172,0.55
1.268172016,-0.672908024,-0.262000075,0.782047997,0.360397637,0.092009956,0.042,0.059,173,0.191
1.044743291,-0.672908024,-0.262000075,0.782047997,0.360397637,-0.009915057,0.032,0.061,173,0.353
-0.072400334,-0.126334382,-0.217384291,-1.277345062,-1.68056389,-0.11184007,0.193,0.001,191,0.056
-0.072400334,0.147647826,-0.217384291,-1.277345062,0.360397637,-0.009915057,0.315,0.038,191,0.311
0.374457116,-0.13606979,-0.217384291,0.782047997,0.360397637,0.04104745,0.035,0.082,175,0.193
-0.519257785,-0.671517251,-0.217384291,0.782047997,0.360397637,0.092009956,0.01,0.03,174,0.36
1.268172016,-1.030336588,-0.217384291,0.782047997,-1.68056389,-0.162802576,0.01,0.07,176,0.65
0.597885841,-1.030336588,-0.217384291,0.782047997,-1.68056389,-0.162802576,0.01,0.07,176,0.65
-0.072400334,-0.435085905,-0.172768507,0.782047997,0.360397637,-0.009915057,0.005,0.032,177,0.428
0.821314566,-0.435085905,-0.172768507,0.782047997,0.496461739,-0.060877563,0.01,0.05,177,0.64
0.597885841,-0.435085905,-0.172768507,0.782047997,0.496461739,-0.060877563,0.01,0.05,177,0.64
0.374457116,-0.435085905,-0.172768507,0.782047997,0.360397637,-0.060877563,0.01,0.05,177,0.64
-0.295829059,-0.672908024,-0.172768507,0.782047997,-1.68056389,-0.060877563,0.014,0.053,175,0.251
-0.74268651,-0.131897472,-0.172768507,0.782047997,0.768589942,-0.015011307,0.01,0.02,174,0.32
-0.74268651,-0.394753499,-0.172768507,0.782047997,0.768589942,0.04104745,0.036,0.046,172,0.31
0.430314297,-0.400316589,-0.172768507,0.782047997,0.768589942,-0.009915057,0.01,0.06,178,1.01
1.268172016,-0.671517251,-0.172768507,0.782047997,0.360397637,-0.060877563,0.024,0.042,176,0.528
0.597885841,-0.671517251,-0.172768507,0.782047997,0.360397637,-0.060877563,0.024,0.042,176,0.528
-0.295829059,0.142084735,-0.128152722,-1.277345062,0.768589942,0.005373695,0.233,0.029,201,0.137
0.821314566,-0.435085905,-0.128152722,0.782047997,0.360397637,0.04104745,0.02,0.024,180,0.589
1.044743291,-0.435085905,-0.128152722,0.782047997,0.360397637,0.04104745,0.02,0.024,180,0.589
0.374457116,-0.435085905,-0.128152722,0.782047997,0.360397637,0.04104745,0.02,0.024,180,0.589
0.151028391,-0.435085905,-0.128152722,0.782047997,0.360397637,0.04104745,0.02,0.024,180,0.589
-0.072400334,-0.435085905,-0.128152722,0.782047997,0.360397637,0.04104745,0.02,0.024,180,0.589
-0.072400334,-0.397535044,-0.128152722,0.782047997,0.360397637,0.04104745,0.034,0.027,180,0.751
1.268172016,-0.435085905,-0.128152722,0.782047997,0.360397637,0.04104745,0.054,0.055,180,0.667
-0.314597072,-0.116598973,-0.128152722,0.782047997,1.040718146,-0.009915057,0.05,0.03,179,0.41
0.430314297,-0.397535044,-0.128152722,0.782047997,1.040718146,-0.009915057,0.05,0.03,179,0.41
-0.74268651,-0.13606979,-0.128152722,0.782047997,1.721038655,0.092009956,0.029,0.034,174,0.386
-0.74268651,-0.131897472,-0.128152722,0.782047997,1.040718146,-0.122032571,0.01,0.04,177,0.28
0.430314297,-0.672908024,-0.128152722,0.782047997,0.360397637,0.04104745,0.02,0.04,178,0.57
-0.314597072,-0.672908024,-0.128152722,0.782047997,0.360397637,0.04104745,0.02,0.04,178,0.57
1.268172016,-0.671517251,-0.128152722,0.782047997,0.360397637,-0.009915057,0.048,0.043,179,0.36
0.151028391,-0.435085905,-0.083536938,0.782047997,0.360397637,0.04104745,0.02,0.024,183,0.589
-0.966115235,-0.117989746,-0.083536938,0.782047997,-0.319922872,-0.213765083,0.01,0.044,179,0.324
-1.18954396,-0.645092571,-0.083536938,0.782047997,-0.319922872,0.295859982,0.001,0.056,175,0.444
-0.74268651,-0.13606979,-0.083536938,0.782047997,-0.047794669,-0.060877563,0.017,0.054,181,0.425
0.151028391,-0.13606979,-0.083536938,0.782047997,0.768589942,-0.060877563,0.038,0.07,182,0.222
0.821314566,-0.671517251,-0.083536938,0.782047997,0.360397637,0.04104745,0.108,0.034,182,0.204
0.597885841,-0.671517251,-0.083536938,0.782047997,0.360397637,0.04104745,0.108,0.034,182,0.204
0.374457116,-0.671517251,-0.083536938,0.782047997,0.360397637,0.04104745,0.108,0.034,182,0.204
0.151028391,-0.672908024,-0.083536938,0.782047997,0.768589942,0.092009956,0.023,0.038,181,0.12
0.597885841,-1.030336588,-0.083536938,0.782047997,-1.68056389,-0.060877563,0.04,0.041,181,0.47
0.597885841,-0.671517251,-0.083536938,0.782047997,-1.68056389,-0.009915057,0.06,0.044,183,0.32
0.597885841,-0.435085905,-0.038921154,0.782047997,0.224333535,-0.009915057,0.01,0.035,183,0.449
0.374457116,-0.435085905,-0.038921154,0.782047997,0.224333535,-0.009915057,0.01,0.035,183,0.449
0.151028391,-0.435085905,-0.038921154,0.782047997,0.224333535,-0.009915057,0.01,0.035,183,0.449
-0.072400334,-0.435085905,-0.038921154,0.782047997,0.224333535,-0.009915057,0.01,0.035,183,0.449
0.430314297,-0.397535044,-0.038921154,0.782047997,0.360397637,-0.009915057,0.01,0.03,184,0.37
-0.314597072,-0.397535044,-0.038921154,0.782047997,0.360397637,-0.009915057,0.01,0.03,184,0.37
0.430314297,-0.400316589,-0.038921154,0.782047997,-1.68056389,-0.060877563,0.03,0.04,187,0.45
-0.295829059,-0.400316589,-0.038921154,0.782047997,-1.68056389,-0.060877563,0.03,0.04,187,0.45
-0.74268651,-0.13606979,-0.038921154,0.782047997,1.448910451,0.092009956,0.025,0.056,177,0.521
-0.519257785,-0.677080342,-0.038921154,0.782047997,-1.136307483,-0.009915057,0.04,0.074,183,0.494
0.430314297,-0.400316589,-0.038921154,0.782047997,0.768589942,0.04104745,0.03,0.13,185,1.22
1.268172016,-0.672908024,-0.038921154,0.782047997,0.360397637,0.04104745,0.031,0.055,185,0.53
0.821314566,-0.435085905,0.005694631,0.782047997,-1.68056389,-0.060877563,0.031,0.027,188,0.512
1.044743291,-0.435085905,0.005694631,0.782047997,-1.68056389,-0.060877563,0.031,0.027,188,0.512
0.597885841,-0.435085905,0.005694631,0.782047997,-1.68056389,-0.060877563,0.031,0.027,187,0.512
0.374457116,-0.435085905,0.005694631,0.782047997,-1.68056389,-0.060877563,0.031,0.027,187,0.512
0.151028391,-0.435085905,0.005694631,0.782047997,-1.68056389,-0.060877563,0.031,0.027,187,0.512
0.821314566,0.142084735,0.005694631,-1.277345062,0.224333535,0.04104745,0.024,0.036,168,0.355
0.821314566,-0.435085905,0.005694631,0.782047997,0.224333535,0.04104745,0.024,0.036,186,0.355
1.268172016,-0.435085905,0.005694631,0.782047997,0.224333535,0.04104745,0.024,0.036,186,0.355
1.044743291,-0.435085905,0.005694631,0.782047997,0.224333535,0.04104745,0.024,0.036,186,0.355
1.268172016,-0.435085905,0.005694631,0.782047997,-1.68056389,-0.060877563,0.067,0.068,188,0.49
0.430314297,-0.672908024,0.005694631,0.782047997,-1.68056389,-0.11184007,0.02,0.05,188,0.45
1.268172016,-0.816157604,0.005694631,0.782047997,-1.68056389,-0.162802576,0.02,0.043,188,0.46
0.597885841,-0.816157604,0.005694631,0.782047997,-1.68056389,-0.162802576,0.02,0.043,188,0.46
1.268172016,-0.96218873,0.005694631,0.782047997,-1.68056389,0.04104745,0.019,0.062,187,0.31
1.044743291,-0.96218873,0.005694631,0.782047997,-1.68056389,0.04104745,0.019,0.062,187,0.31
0.430314297,-0.672908024,0.050310415,0.782047997,-1.68056389,-0.11184007,0.02,0.05,190,0.45
1.268172016,-0.418396633,0.050310415,0.782047997,0.360397637,-0.009915057,0.036,0.078,190,0.874
1.268172016,-0.684034205,0.050310415,0.782047997,0.360397637,-0.060877563,0.058,0.061,190,0.592
1.268172016,-0.96218873,0.050310415,0.782047997,0.360397637,0.04104745,0.06,0.095,190,0.526
-0.072400334,-0.126334382,0.094926199,-1.277345062,-1.68056389,-0.060877563,0.161,0.009,210,0.216
-0.295829059,-0.117989746,0.094926199,0.782047997,-0.319922872,-0.213765083,0.018,0.044,192,0.324
0.821314566,-0.435085905,0.094926199,0.782047997,-1.68056389,-0.11184007,0.07,0.07,192,0.6
0.597885841,-0.435085905,0.094926199,0.782047997,-1.68056389,-0.11184007,0.07,0.07,192,0.6
0.374457116,-0.435085905,0.094926199,0.782047997,-1.68056389,-0.11184007,0.07,0.07,192,0.6
-0.072400334,-0.435085905,0.094926199,0.782047997,-1.68056389,-0.11184007,0.07,0.07,192,0.6
-0.519257785,-0.13606979,0.094926199,0.782047997,-1.136307483,0.092009956,0.043,0.052,192,0.179
-0.072400334,-0.677080342,0.094926199,0.782047997,-1.136307483,-0.009915057,0.035,0.06,192,0.434
1.044743291,-0.13606979,0.094926199,0.782047997,-1.408435687,-0.009915057,0.037,0.082,192,0.712
0.821314566,-0.13606979,0.094926199,0.782047997,-1.408435687,-0.009915057,0.038,0.088,192,0.705
0.597885841,-0.148586744,0.094926199,0.782047997,0.360397637,0.092009956,0.036,0.024,193,0.276
0.374457116,-0.148586744,0.094926199,0.782047997,0.360397637,0.092009956,0.036,0.024,193,0.276
-0.072400334,-0.116598973,0.094926199,0.782047997,0.360397637,-0.060877563,0.014,0.029,190,0.343
-0.519257785,-0.116598973,0.094926199,0.782047997,0.360397637,-0.060877563,0.014,0.029,190,0.343
1.268172016,-0.148586744,0.094926199,0.782047997,0.360397637,-0.009915057,0.024,0.029,192,0.384
0.597885841,-0.148586744,0.094926199,0.782047997,0.360397637,-0.009915057,0.024,0.029,192,0.384
0.151028391,-0.117989746,0.094926199,0.782047997,0.360397637,0.04104745,0.01,0.03,190,0.354
-0.519257785,-0.148586744,0.094926199,0.782047997,0.360397637,0.04104745,0.016,0.032,190,0.4
1.268172016,-0.677080342,0.094926199,0.782047997,0.360397637,-0.009915057,0.054,0.046,192,0.583
0.821314566,-0.671517251,0.094926199,0.782047997,0.360397637,0.092009956,0.036,0.053,191,0.47
0.597885841,-0.671517251,0.094926199,0.782047997,-1.68056389,-0.009915057,0.05,0.058,192,0.36
1.268172016,-0.677080342,0.094926199,0.782047997,0.360397637,-0.009915057,0.054,0.061,192,0.583
-0.072400334,0.147647826,0.139541984,-1.277345062,-1.272371585,-0.009915057,0.288,0,212,0.041
-0.519257785,-0.120771291,0.139541984,-1.277345062,-1.136307483,-0.305497594,0,0.015,216,0.076
-0.519257785,-0.13606979,0.139541984,0.782047997,-1.408435687,0.04104745,0.018,0.038,194,0.636
0.430314297,-0.116598973,0.139541984,0.782047997,0.360397637,-0.009915057,0.02,0.07,191,0.49
0.430314297,-0.116598973,0.139541984,0.782047997,0.360397637,-0.009915057,0.02,0.07,193,0.49
-0.295829059,-0.116598973,0.139541984,0.782047997,0.360397637,-0.009915057,0.02,0.07,191,0.49
-0.295829059,-0.116598973,0.139541984,0.782047997,0.360397637,-0.009915057,0.02,0.07,193,0.49
0.151028391,-0.418396633,0.139541984,0.782047997,0.360397637,-0.009915057,0.017,0.047,194,0.646
1.268172016,-0.13606979,0.139541984,0.782047997,0.360397637,0.04104745,0.03,0.068,194,0.794
-0.072400334,0.147647826,0.184157768,-1.277345062,-1.272371585,-0.009915057,0.288,0,218,0.041
-0.295829059,-0.117989746,0.184157768,0.782047997,0.768589942,-0.060877563,0.011,0.028,199,0.211
0.597885841,-0.435085905,0.184157768,0.782047997,-1.816627992,-0.213765083,0.082,0.071,199,0.746
-0.072400334,0.142084735,0.184157768,-1.277345062,0.768589942,-0.213765083,0.082,0.071,189,0.746
-0.519257785,1.550937405,0.184157768,0.782047997,-1.408435687,0.092009956,0.013,0.064,194,0.205
-0.295829059,-0.13606979,0.184157768,0.782047997,0.360397637,0.04104745,0.044,0.068,193,0.682
1.268172016,-0.148586744,0.184157768,0.782047997,0.360397637,-0.009915057,0.024,0.029,196,0.384
0.597885841,-0.148586744,0.184157768,0.782047997,0.360397637,-0.009915057,0.024,0.029,196,0.384
0.151028391,-0.117989746,0.184157768,0.782047997,0.360397637,0.04104745,0.01,0.03,194,0.354
1.268172016,-0.671517251,0.184157768,0.782047997,-1.68056389,0.04104745,0.024,0.035,196,0.432
0.597885841,-0.671517251,0.184157768,0.782047997,-1.68056389,0.04104745,0.024,0.035,196,0.432
0.151028391,-0.13606979,0.184157768,0.782047997,-0.047794669,-0.213765083,0.026,0.053,194,0.251
-0.072400334,-0.418396633,0.228773553,0.782047997,0.360397637,-0.060877563,0.017,0.02,199,0.446
-0.74268651,-0.418396633,0.228773553,0.782047997,0.360397637,-0.060877563,0.017,0.02,199,0.446
0.821314566,-0.418396633,0.228773553,0.782047997,0.360397637,-0.060877563,0.022,0.049,199,0.572
0.430314297,-0.397535044,0.228773553,0.782047997,0.768589942,-0.009915057,0.08,0.1,198,1.21
0.430314297,-0.397535044,0.228773553,0.782047997,0.768589942,0.092009956,0.08,0.1,211,1.21
-0.519257785,-0.671517251,0.228773553,0.782047997,-1.68056389,0.092009956,0.01,0.03,198,0.37
1.268172016,-0.418396633,0.228773553,0.782047997,0.360397637,-0.009915057,0.037,0.032,199,0.35
0.151028391,-0.398925816,0.228773553,0.782047997,0.360397637,0.092009956,0.02,0.05,198,0.41
-0.519257785,-0.120771291,0.273389337,-1.277345062,0.768589942,-0.004818806,0.344,0.026,224,0.199
-0.74268651,-0.120771291,0.273389337,-1.277345062,0.768589942,-0.004818806,0.344,0.026,224,0.199
-0.295829059,-0.117989746,0.273389337,0.782047997,0.768589942,-0.060877563,0.016,0.028,204,0.364
0.430314297,-0.397535044,0.273389337,0.782047997,0.768589942,-0.009915057,0.04,0.1,200,1.23
0.821314566,-0.148586744,0.273389337,0.782047997,0.360397637,-0.060877563,0.084,0.024,202,0.252
0.597885841,-0.148586744,0.273389337,0.782047997,0.360397637,-0.060877563,0.084,0.024,202,0.252
-0.072400334,-0.116598973,0.273389337,0.782047997,-1.68056389,-0.11184007,0.05,0.03,200,0.294
-0.519257785,-0.116598973,0.273389337,0.782047997,-1.68056389,-0.11184007,0.05,0.03,200,0.294
1.044743291,-0.677080342,0.273389337,0.782047997,-1.68056389,-0.264727589,0.044,0.058,202,0.48
-1.63640141,0.564879613,0.318005121,-1.277345062,0.768589942,-0.009915057,0.221,0.024,224,0.368
-0.74268651,0.577396567,0.318005121,-1.277345062,0.360397637,0.04104745,0.273,0.047,225,0.374
-0.74268651,-0.117989746,0.318005121,0.782047997,-0.319922872,-0.162802576,0.02,0.054,199,0.228
0.430314297,-0.116598973,0.318005121,0.782047997,0.360397637,0.000277445,0.01,0.04,202,0.35
0.151028391,0.385469945,0.318005121,0.782047997,0.360397637,-0.009915057,0.007,0.024,198,0.447
1.268172016,-0.418396633,0.318005121,0.782047997,0.360397637,-0.009915057,0.037,0.032,204,0.35
0.821314566,-0.398925816,0.318005121,0.782047997,0.360397637,0.092009956,0.012,0.035,205,0.49
1.268172016,-0.148586744,0.318005121,0.782047997,0.360397637,0.092009956,0.036,0.054,203,0.52
0.597885841,-0.418396633,0.362620906,0.782047997,-1.408435687,-0.060877563,0.024,0.031,206,0.526
0.430314297,0.389642262,0.362620906,0.782047997,0.360397637,-0.101647568,0.02,0.04,206,0.32
-0.314597072,-0.116598973,0.362620906,0.782047997,0.360397637,-0.076166315,0.02,0.04,202,0.39
1.268172016,-0.13606979,0.362620906,0.782047997,0.360397637,0.04104745,0.016,0.023,206,0.337
1.268172016,-0.148586744,0.362620906,0.782047997,-1.68056389,0.04104745,0.024,0.031,206,0.22
0.597885841,-0.148586744,0.362620906,0.782047997,-1.68056389,0.04104745,0.024,0.031,206,0.22
1.268172016,-0.418396633,0.362620906,0.782047997,0.360397637,-0.009915057,0.037,0.032,206,0.35
0.597885841,-0.116598973,0.40723669,0.782047997,0.768589942,-0.264727589,0.02,0.05,208,0.58
0.374457116,-0.116598973,0.40723669,0.782047997,0.768589942,-0.264727589,0.02,0.05,208,0.58
-0.072400334,-0.116598973,0.40723669,0.782047997,0.768589942,-0.264727589,0.02,0.05,208,0.58
0.430314297,-0.116598973,0.40723669,0.782047997,0.360397637,0.092009956,0.04,0.07,207,0.39
1.268172016,-0.13606979,0.40723669,0.782047997,0.360397637,0.04104745,0.016,0.023,209,0.337
0.151028391,-0.117989746,0.40723669,0.782047997,0.360397637,0.092009956,0.012,0.038,208,0.552
1.044743291,-0.13606979,0.40723669,0.782047997,0.360397637,0.066528703,0.03,0.068,209,0.685
0.151028391,-0.13606979,0.40723669,0.782047997,0.360397637,0.066528703,0.03,0.068,209,0.685
-0.519257785,0.53150107,0.451852474,-1.277345062,0.768589942,0.112394959,0.355,0.041,232,0.483
-0.74268651,0.53150107,0.451852474,-1.277345062,0.768589942,0.112394959,0.355,0.041,232,0.483
0.821314566,1.211588884,0.451852474,-1.277345062,0.360397637,0.092009956,0.616,0.104,232,0.537
0.597885841,1.211588884,0.451852474,-1.277345062,0.360397637,0.092009956,0.616,0.104,232,0.537
0.374457116,1.211588884,0.451852474,-1.277345062,0.360397637,0.092009956,0.616,0.104,232,0.537
-0.072400334,-0.116598973,0.451852474,0.782047997,-0.319922872,-0.11184007,0.01,0.045,209,0.51
0.821314566,-0.116598973,0.451852474,0.782047997,-1.136307483,-0.264727589,0.02,0.05,209,0.58
0.597885841,-0.116598973,0.451852474,0.782047997,-1.136307483,-0.264727589,0.02,0.05,209,0.58
0.374457116,-0.116598973,0.451852474,0.782047997,-1.136307483,-0.264727589,0.02,0.05,209,0.58
-0.072400334,-0.116598973,0.451852474,0.782047997,-1.136307483,-0.264727589,0.02,0.05,209,0.58
0.430314297,-0.116598973,0.451852474,0.782047997,0.360397637,0.092009956,0.04,0.07,211,0.39
1.268172016,-0.13606979,0.451852474,0.782047997,0.360397637,0.04104745,0.016,0.023,211,0.337
0.151028391,0.385469945,0.451852474,0.782047997,-1.68056389,-0.11184007,0.006,0.024,210,0.284
0.597885841,-0.148586744,0.451852474,0.782047997,-1.68056389,0.04104745,0.024,0.03,211,0.22
1.268172016,-0.148586744,0.451852474,0.782047997,-1.68056389,0.04104745,0.024,0.031,211,0.22
0.597885841,-0.148586744,0.451852474,0.782047997,-1.68056389,0.04104745,0.048,0.035,211,0.18
0.374457116,-0.148586744,0.451852474,0.782047997,-1.68056389,0.04104745,0.048,0.035,211,0.18
0.821314566,-0.671517251,0.451852474,0.782047997,-1.68056389,0.092009956,0.024,0.089,211,0.65
0.430314297,-0.116598973,0.496468259,0.782047997,-1.68056389,-0.122032571,0.01,0.05,213,0.27
-1.63640141,0.564879613,0.541084043,-1.277345062,-1.136307483,0.04104745,0.2,0.024,238,0.204
1.044743291,-0.116598973,0.541084043,0.782047997,-0.319922872,-0.162802576,0.057,0.157,217,0.48
-0.314597072,-0.116598973,0.541084043,0.782047997,-1.68056389,0.030854949,0.04,0.04,212,0.27
0.151028391,-0.398925816,0.541084043,0.782047997,-1.68056389,-0.009915057,0.02,0.04,215,0.36
1.268172016,-0.117989746,0.541084043,0.782047997,0.360397637,0.04104745,0.012,0.071,215,0.68
0.821314566,-0.117989746,0.541084043,0.782047997,0.360397637,0.092009956,0.012,0.071,215,0.68
0.374457116,-0.117989746,0.541084043,0.782047997,0.360397637,0.092009956,0.012,0.071,215,0.68
0.597885841,1.211588884,0.585699827,-1.277345062,0.360397637,0.092009956,0.616,0.104,240,0.537
-0.072400334,-0.116598973,0.585699827,0.782047997,0.360397637,-0.03539631,0.014,0.038,217,0.53
-0.295829059,-0.116598973,0.585699827,0.782047997,0.360397637,-0.03539631,0.014,0.038,217,0.53
0.597885841,-0.116598973,0.585699827,0.782047997,0.768589942,-0.264727589,0.02,0.05,220,0.58
0.374457116,-0.116598973,0.585699827,0.782047997,0.768589942,-0.264727589,0.02,0.05,220,0.58
0.151028391,-0.13606979,0.585699827,0.782047997,1.721038655,0.04104745,0.03,0.046,218,0.643
-0.519257785,0.961249812,0.585699827,0.782047997,1.312846349,-0.11184007,0.05,0.057,214,0.341
0.821314566,-0.148586744,0.585699827,0.782047997,-1.68056389,-0.060877563,0.072,0.038,218,0.168
0.597885841,-0.148586744,0.585699827,0.782047997,-1.68056389,-0.060877563,0.072,0.038,218,0.168
0.821314566,-0.398925816,0.585699827,0.782047997,-1.68056389,-0.009915057,0.012,0.052,219,0.5
1.268172016,-0.13606979,0.585699827,0.782047997,-1.68056389,-0.009915057,0.067,0.12,218,1.016
0.821314566,-0.120771291,0.630315612,0.782047997,0.224333535,-0.11184007,0.056,0.144,220,0.664
1.044743291,-0.120771291,0.630315612,0.782047997,0.224333535,-0.11184007,0.056,0.144,220,0.664
0.430314297,-0.1305067,0.630315612,0.782047997,-1.68056389,0.092009956,0.01,0.05,218,0.31
0.430314297,-0.116598973,0.630315612,0.782047997,-1.68056389,-0.060877563,0.02,0.05,221,0.35
-0.295829059,-0.116598973,0.630315612,0.782047997,-1.68056389,-0.060877563,0.02,0.05,221,0.35
1.268172016,-0.13606979,0.630315612,0.782047997,-1.68056389,-0.060877563,0.07,0.082,221,0.668
1.044743291,-0.13606979,0.630315612,0.782047997,-1.68056389,-0.060877563,0.07,0.082,221,0.668
-0.519257785,0.564879613,0.674931396,0.782047997,-0.319922872,-0.076166315,0.01,0.035,223,0.192
-0.74268651,0.564879613,0.674931396,0.782047997,-0.319922872,-0.076166315,0.01,0.035,223,0.192
0.821314566,-0.116598973,0.674931396,0.782047997,0.224333535,-0.025203809,0.011,0.036,221,0.307
0.597885841,-0.116598973,0.674931396,0.782047997,0.224333535,-0.025203809,0.011,0.036,221,0.307
0.374457116,-0.116598973,0.674931396,0.782047997,0.224333535,-0.025203809,0.011,0.036,222,0.307
0.821314566,-0.116598973,0.674931396,0.782047997,-0.319922872,-0.091455067,0.043,0.121,223,0.653
1.268172016,-0.116598973,0.674931396,0.782047997,-0.319922872,-0.091455067,0.043,0.121,223,0.653
1.044743291,-0.116598973,0.674931396,0.782047997,-0.319922872,-0.091455067,0.043,0.121,223,0.653
-0.74268651,1.231059701,0.674931396,0.782047997,-0.86417928,0.04104745,0.041,0.049,217,0.67
0.430314297,-0.116598973,0.674931396,0.782047997,-1.68056389,0.092009956,0.01,0.05,224,0.31
1.268172016,-0.418396633,0.674931396,0.782047997,1.721038655,0.092009956,0.08,0.11,223,1.228
1.044743291,-0.13606979,0.674931396,0.782047997,-1.68056389,-0.060877563,0.026,0.047,223,0.391
1.268172016,0.336792903,0.674931396,0.782047997,0.360397637,-0.060877563,0.062,0.066,223,0.468
1.268172016,-0.117989746,0.674931396,0.782047997,0.360397637,0.04104745,0.05,0.09,223,0.41
0.597885841,-0.117989746,0.674931396,0.782047997,0.360397637,0.04104745,0.05,0.09,223,0.41
1.268172016,-0.13606979,0.674931396,0.782047997,-1.68056389,0.04104745,0.073,0.126,223,1.108
0.374457116,0.564879613,0.71954718,0.782047997,0.224333535,-0.055781313,0.028,0.01,226,0.75
-0.072400334,0.564879613,0.71954718,0.782047997,0.360397637,0.010469946,0.016,0.03,226,0.45
-0.519257785,0.564879613,0.71954718,0.782047997,0.360397637,0.010469946,0.016,0.03,226,0.45
-0.072400334,1.539811224,0.71954718,0.782047997,1.448910451,0.04104745,0.013,0.029,224,0.268
0.430314297,0.389642262,0.71954718,0.782047997,0.360397637,0.066528703,0.02,0.04,226,0.25
0.430314297,-0.116598973,0.71954718,0.782047997,-1.68056389,-0.060877563,0.02,0.05,224,0.35
-0.295829059,-0.116598973,0.71954718,0.782047997,-1.68056389,-0.060877563,0.02,0.05,224,0.35
0.821314566,0.432756214,0.71954718,0.782047997,-1.408435687,-0.009915057,0.022,0.058,226,0.355
-0.295829059,-0.13606979,0.71954718,0.782047997,1.312846349,0.092009956,0.024,0.061,224,0.617
1.268172016,-0.418396633,0.71954718,0.782047997,1.721038655,0.04104745,0.076,0.115,226,1.331
1.268172016,0.336792903,0.71954718,0.782047997,0.360397637,-0.060877563,0.062,0.066,226,0.468
0.597885841,-0.418396633,0.764162965,0.782047997,1.721038655,0.092009956,0.035,0.064,228,0.996
0.374457116,-0.418396633,0.764162965,0.782047997,1.721038655,-0.060877563,0.041,0.034,228,0.481
1.268172016,-0.418396633,0.764162965,0.782047997,1.721038655,0.092009956,0.026,0.079,228,0.896
0.430314297,0.389642262,0.764162965,0.782047997,-1.272371585,0.066528703,0.03,0.6,227,0.26
1.268172016,-0.148586744,0.764162965,0.782047997,-1.68056389,0.092009956,0.048,0.066,228,0.18
1.268172016,0.336792903,0.764162965,0.782047997,0.360397637,-0.060877563,0.062,0.066,228,0.468
0.821314566,-0.117989746,0.764162965,0.782047997,-1.68056389,-0.060877563,0.012,0.088,228,1.21
0.374457116,-0.117989746,0.764162965,0.782047997,-1.68056389,-0.060877563,0.012,0.088,228,1.21
-0.519257785,0.564879613,0.808778749,0.782047997,0.768589942,-0.025203809,0.019,0.034,230,0.371
0.597885841,0.564879613,0.808778749,0.782047997,0.224333535,-0.055781313,0.028,0.041,230,0.75
-0.072400334,0.564879613,0.808778749,0.782047997,-1.68056389,0.000277445,0.025,0.048,231,0.658
-0.295829059,0.564879613,0.808778749,0.782047997,-1.68056389,0.000277445,0.025,0.048,231,0.658
0.374457116,0.564879613,0.808778749,0.782047997,-1.816627992,-0.101647568,0.025,0.08,231,0.287
1.268172016,-0.418396633,0.808778749,0.782047997,-1.272371585,-0.060877563,0.037,0.041,233,0.392
0.151028391,-0.117989746,0.808778749,0.782047997,-1.68056389,0.092009956,0.012,0.048,230,0.492
-0.072400334,-0.116598973,0.853394533,0.782047997,-1.68056389,-0.076166315,0.022,0.04,232,0.314
0.821314566,-0.120771291,0.853394533,0.782047997,-1.816627992,-0.091455067,0.072,0.138,232,0.323
1.268172016,-0.120771291,0.853394533,0.782047997,-1.816627992,-0.091455067,0.072,0.138,232,0.323
1.044743291,-0.120771291,0.853394533,0.782047997,-1.816627992,-0.091455067,0.072,0.138,232,0.323
1.044743291,0.432756214,0.853394533,0.782047997,-1.408435687,0.04104745,0.035,0.05,233,0.274
-0.74268651,1.270001335,0.853394533,0.782047997,1.312846349,0.092009956,0.046,0.052,225,0.413
0.597885841,1.243576655,0.853394533,0.782047997,-1.408435687,0.092009956,0.036,0.053,233,0.343
0.151028391,1.243576655,0.853394533,0.782047997,-1.408435687,0.092009956,0.036,0.053,233,0.343
0.430314297,0.389642262,0.853394533,0.782047997,-1.68056389,-0.239246336,0.02,0.07,233,0.35
0.151028391,1.539811224,0.853394533,0.782047997,-0.047794669,0.142972463,0.02,0.036,231,0.365
1.268172016,-0.418396633,0.853394533,0.782047997,0.768589942,0.092009956,0.017,0.061,233,0.545
-0.295829059,0.564879613,0.898010318,-1.277345062,0.768589942,-0.060877563,0.309,0.029,264,0.111
-0.519257785,0.564879613,0.898010318,-1.277345062,0.768589942,-0.060877563,0.309,0.029,264,0.111
-0.74268651,0.564879613,0.898010318,-1.277345062,0.768589942,-0.060877563,0.309,0.029,264,0.111
0.821314566,0.809655595,0.898010318,-1.277345062,0.360397637,0.04104745,0.632,0.116,260,0.747
0.597885841,0.809655595,0.898010318,-1.277345062,0.360397637,0.04104745,0.632,0.116,260,0.747
0.374457116,0.809655595,0.898010318,-1.277345062,0.360397637,0.04104745,0.632,0.116,260,0.747
0.821314566,0.432756214,0.898010318,0.782047997,0.360397637,-0.009915057,0.018,0.046,235,0.367
1.268172016,0.374343764,0.898010318,0.782047997,0.360397637,0.04104745,0.012,0.054,235,0.552
0.597885841,0.374343764,0.898010318,0.782047997,0.360397637,0.092009956,0.012,0.054,235,0.552
0.821314566,1.211588884,0.942626102,-1.277345062,-1.68056389,0.04104745,0.662,0.056,262,0.18
0.597885841,1.211588884,0.942626102,-1.277345062,-1.68056389,0.04104745,0.662,0.056,262,0.18
0.374457116,1.211588884,0.942626102,-1.277345062,-1.68056389,0.04104745,0.662,0.056,262,0.18
0.821314566,0.809655595,0.942626102,-1.277345062,0.360397637,0.04104745,0.632,0.116,263,0.747
0.597885841,0.809655595,0.942626102,-1.277345062,0.360397637,0.04104745,0.632,0.116,263,0.747
-0.072400334,0.432756214,0.942626102,0.782047997,0.768589942,0.092009956,0.017,0.037,238,0.604
0.374457116,1.448020231,0.942626102,0.782047997,-1.408435687,0.092009956,0.056,0.079,238,0.599
0.597885841,-0.116598973,0.987241886,0.782047997,-1.816627992,-0.11184007,0.007,0.05,237,0.287
0.374457116,-0.116598973,0.987241886,0.782047997,-1.816627992,-0.11184007,0.007,0.05,237,0.287
0.821314566,-0.116598973,0.987241886,0.782047997,-1.816627992,-0.11184007,0.07,0.5,237,0.287
0.374457116,1.539811224,0.987241886,0.782047997,-0.047794669,0.092009956,0.014,0.068,250,0.686
0.151028391,0.798529414,0.987241886,0.782047997,-1.68056389,0.092009956,0.004,0.03,237,0.542
1.268172016,0.432756214,1.031857671,0.782047997,0.360397637,-0.009915057,0.036,0.047,242,0.229
1.044743291,0.432756214,1.031857671,0.782047997,0.360397637,-0.009915057,0.036,0.047,242,0.229
1.268172016,-0.117989746,1.031857671,0.782047997,-1.68056389,-0.060877563,0.012,0.088,241,1.21
-0.519257785,0.564879613,1.076473455,-1.277345062,-1.272371585,-0.11184007,0.361,0.029,276,0.076
-0.74268651,0.564879613,1.076473455,-1.277345062,-1.272371585,-0.11184007,0.361,0.029,276,0.076
-0.072400334,1.752599436,1.076473455,0.782047997,-1.272371585,-0.11184007,0.013,0.057,245,0.367
0.374457116,0.798529414,1.121089239,0.782047997,-1.68056389,-0.060877563,0,0.036,247,0.108
0.821314566,0.798529414,1.121089239,0.782047997,-1.68056389,-0.060877563,0.012,0.036,247,0.108
1.268172016,0.571833476,1.121089239,0.782047997,-1.68056389,-0.11184007,0.012,0.055,246,0.5
1.268172016,-0.117989746,1.121089239,0.782047997,-1.68056389,-0.009915057,0.05,0.07,247,0.36
0.597885841,-0.117989746,1.121089239,0.782047997,-1.68056389,-0.009915057,0.05,0.07,247,0.36
0.821314566,0.798529414,1.165705024,0.782047997,0.768589942,0.04104745,0.048,0.02,250,0.144
0.374457116,0.798529414,1.165705024,0.782047997,0.768589942,0.04104745,0.048,0.02,250,0.144
-1.18954396,2.244932945,1.210320808,0.782047997,-1.000243381,-0.086358816,0.022,0.026,245,0.146
-1.412972685,2.244932945,1.210320808,0.782047997,-1.000243381,-0.086358816,0.022,0.026,245,0.146
-1.63640141,2.244932945,1.210320808,0.782047997,-1.000243381,-0.086358816,0.022,0.026,245,0.146
-1.859830135,2.244932945,1.210320808,0.782047997,-1.000243381,-0.086358816,0.022,0.026,245,0.146
-2.08325886,2.244932945,1.210320808,0.782047997,-1.000243381,-0.086358816,0.022,0.026,245,0.146
-0.966115235,2.244932945,1.210320808,0.782047997,-1.000243381,-0.086358816,0.023,0.026,245,0.147
1.268172016,1.260265926,1.210320808,0.782047997,-1.816627992,-0.137321323,0.05,0.122,252,0.421
1.044743291,1.260265926,1.210320808,0.782047997,-1.816627992,-0.137321323,0.05,0.122,252,0.421
-0.295829059,0.564879613,1.210320808,-1.277345062,-1.272371585,-3.675342374,0.01,0.361,283,0.029
-0.966115235,2.244932945,1.254936592,0.782047997,0.768589942,0.061432452,0.016,0.019,248,0.21
-1.18954396,2.244932945,1.254936592,0.782047997,0.768589942,0.061432452,0.039,0.019,248,0.21
-1.412972685,2.244932945,1.254936592,0.782047997,0.768589942,0.061432452,0.039,0.019,248,0.21
-1.63640141,2.244932945,1.254936592,0.782047997,0.768589942,0.061432452,0.039,0.019,248,0.21
-1.859830135,2.244932945,1.254936592,0.782047997,0.768589942,0.061432452,0.039,0.019,248,0.21
-2.08325886,2.244932945,1.254936592,0.782047997,0.768589942,0.061432452,0.039,0.019,248,0.21
-2.306687585,2.244932945,1.254936592,0.782047997,0.768589942,-0.086358816,0.039,0.019,248,0.21
-2.53011631,2.244932945,1.254936592,0.782047997,0.768589942,-0.086358816,0.039,0.019,248,0.21
-2.753545036,2.244932945,1.254936592,0.782047997,0.768589942,-0.086358816,0.039,0.019,248,0.21
-0.072400334,0.798529414,1.254936592,0.782047997,-1.68056389,-0.11184007,0.012,0.03,252,0.348
-0.072400334,1.448020231,1.299552377,0.782047997,1.721038655,0.092009956,0.038,0.056,255,0.808
0.374457116,0.799920187,1.299552377,0.782047997,-1.68056389,-0.060877563,0,0.046,256,0.56
0.821314566,0.799920187,1.299552377,0.782047997,-1.68056389,-0.060877563,0.012,0.046,256,0.56
0.821314566,1.211588884,1.344168161,-1.277345062,0.224333535,0.086913706,0.62,0.09,288,0.49
-0.295829059,1.211588884,1.344168161,-1.277345062,0.224333535,0.086913706,0.62,0.09,288,0.49
0.821314566,1.211588884,1.344168161,-1.277345062,-1.816627992,0.000277445,0.55,0.09,287,0.51
-0.295829059,1.211588884,1.344168161,-1.277345062,-1.816627992,0.000277445,0.55,0.09,287,0.51
0.430314297,0.389642262,1.344168161,0.782047997,-1.68056389,0.092009956,0.01,0.03,259,0.14
0.151028391,1.448020231,1.344168161,0.782047997,1.312846349,-0.009915057,0.062,0.08,259,0.749
-0.519257785,1.211588884,1.388783946,-1.277345062,0.496461739,0.066528703,0.33,0.04,288,0.22
-0.74268651,1.211588884,1.388783946,-1.277345062,0.496461739,0.066528703,0.33,0.04,288,0.22
-0.966115235,1.969559965,1.388783946,0.782047997,-0.319922872,-0.11693632,0.004,0.043,261,0.493
-0.295829059,1.448020231,1.388783946,0.782047997,1.312846349,-0.060877563,0.041,0.091,259,0.828
1.268172016,0.958468266,1.388783946,0.782047997,1.584974553,-0.009915057,0.023,0.028,262,0.275
1.268172016,0.958468266,1.43339973,0.782047997,1.176782248,0.092009956,0.042,0.038,264,0.338
0.821314566,0.432756214,1.43339973,0.782047997,1.584974553,0.04104745,0.026,0.044,264,0.257
0.430314297,1.270001335,1.43339973,0.782047997,-1.68056389,-0.137321323,0.02,0.07,263,0.29
1.268172016,-0.13606979,1.43339973,0.782047997,-1.68056389,0.04104745,0.066,0.088,264,0.775
0.151028391,1.448020231,1.478015514,0.782047997,1.312846349,-0.060877563,0.041,0.091,266,0.828
1.044743291,0.958468266,1.478015514,0.782047997,1.176782248,0.04104745,0.012,0.052,266,0.295
1.044743291,0.987674492,1.478015514,0.782047997,1.721038655,0.092009956,0.025,0.059,266,0.473
1.268172016,0.958468266,1.478015514,0.782047997,1.176782248,0.04104745,0.012,0.52,266,0.295
-0.072400334,2.894423761,1.522631299,0.782047997,1.312846349,-0.009915057,0.032,0.059,267,0.52
1.268172016,0.958468266,1.567247083,0.782047997,1.176782248,-0.009915057,0.012,0.052,271,0.29
1.268172016,0.958468266,1.567247083,0.782047997,1.176782248,-0.009915057,0.012,0.052,271,0.295
1.268172016,0.958468266,1.567247083,0.782047997,1.176782248,0.04104745,0.012,0.052,271,0.295
1.268172016,0.798529414,1.567247083,0.782047997,-1.68056389,0.04104745,0.012,0.056,271,0.372
0.597885841,0.798529414,1.567247083,0.782047997,-1.68056389,0.04104745,0.01,0.06,271,0.37
1.268172016,1.238013564,1.567247083,0.782047997,-1.272371585,-0.11184007,0.01,0.11,270,0.49
0.374457116,1.969559965,1.611862867,0.782047997,0.768589942,0.04104745,0.05,0.071,273,0.437
0.151028391,1.969559965,1.611862867,0.782047997,0.768589942,0.04104745,0.05,0.071,273,0.437
-0.072400334,1.969559965,1.611862867,0.782047997,0.768589942,0.04104745,0.05,0.071,273,0.437
0.597885841,1.238013564,1.611862867,0.782047997,-1.272371585,-0.009915057,0,0.044,273,0.468
0.374457116,0.798529414,1.611862867,0.782047997,-1.68056389,-0.009915057,0.004,0.114,274,0.747
1.268172016,0.798529414,1.611862867,0.782047997,-1.68056389,-0.009915057,0.012,0.114,274,0.746
1.268172016,0.987674492,1.701094436,0.782047997,1.721038655,0.092009956,0.054,0.059,278,0.348
1.044743291,0.987674492,1.701094436,0.782047997,1.721038655,0.092009956,0.054,0.059,278,0.348
-0.519257785,1.211588884,1.790326005,-1.277345062,-1.68056389,-0.020107558,0.31,0.01,313,0.03
-0.74268651,1.211588884,1.790326005,-1.277345062,-1.68056389,-0.020107558,0.31,0.01,313,0.03
-1.63640141,2.388182526,1.790326005,0.782047997,-1.136307483,-0.132225072,0.04,0.034,275,0.251
-2.306687585,2.388182526,1.790326005,0.782047997,-1.136307483,-0.218861333,0.026,0.044,275,0.376
-2.53011631,2.388182526,1.790326005,0.782047997,-1.136307483,-0.218861333,0.026,0.044,275,0.376
-2.753545036,2.388182526,1.790326005,0.782047997,-1.136307483,-0.218861333,0.026,0.044,275,0.376
0.821314566,0.819391004,1.790326005,0.782047997,1.721038655,0.04104745,0.06,0.06,283,0.66
0.821314566,0.959859039,1.834941789,0.782047997,1.176782248,-0.009915057,0.031,0.064,286,0.33
0.374457116,2.246323718,1.834941789,0.782047997,1.312846349,0.04104745,0.038,0.06,286,0.668
-0.295829059,1.969559965,1.879557573,0.782047997,0.768589942,0.092009956,0.01,0.034,288,0.382
-0.519257785,1.969559965,1.879557573,0.782047997,0.768589942,0.092009956,0.01,0.034,288,0.382
-0.74268651,1.969559965,1.879557573,0.782047997,0.768589942,0.092009956,0.01,0.034,288,0.382
-0.072400334,1.969559965,1.879557573,0.782047997,0.768589942,0.04104745,0.013,0.054,288,0.54
1.268172016,0.819391004,1.879557573,0.782047997,1.721038655,-0.11184007,0.065,0.095,288,0.422
1.268172016,0.987674492,1.879557573,0.782047997,-1.272371585,0.04104745,0.016,0.061,288,0.449
1.044743291,0.527328752,1.968789142,0.782047997,0.360397637,0.092009956,0.079,0.149,293,1.709
-0.072400334,1.969559965,2.013404926,0.782047997,-0.319922872,-0.122032571,0.013,0.038,295,0.28
-0.295829059,1.969559965,2.013404926,0.782047997,-0.319922872,-0.122032571,0.013,0.038,295,0.28
-0.072400334,1.969559965,2.013404926,0.782047997,-0.319922872,-0.122032571,0.02,0.082,295,0.386
0.597885841,0.819391004,2.013404926,0.782047997,1.176782248,0.04104745,0.117,0.133,295,0.942
-0.314597072,2.606533828,2.058020711,0.782047997,-1.272371585,-0.132225072,0,0.06,291,0.68
1.268172016,2.246323718,2.058020711,0.782047997,1.176782248,0.04104745,0.018,0.07,298,0.665
1.044743291,2.246323718,2.058020711,0.782047997,1.176782248,0.04104745,0.018,0.07,298,0.665
1.268172016,0.527328752,2.058020711,0.782047997,0.360397637,0.092009956,0.079,0.149,298,1.709
-1.18954396,2.388182526,2.102636495,0.782047997,-1.136307483,-0.060877563,0.027,0.023,295,0.162
-1.412972685,2.388182526,2.102636495,0.782047997,-1.136307483,-0.060877563,0.027,0.023,295,0.162
-0.966115235,2.388182526,2.102636495,0.782047997,-1.136307483,-0.060877563,0.015,0.024,295,0.162
-0.519257785,2.107246455,2.191868064,0.782047997,1.312846349,0.142972463,0.037,0.083,304,0.463
1.268172016,0.527328752,2.281099633,0.782047997,-1.68056389,-0.009915057,0.09,0.169,310,1.31
1.268172016,2.906940715,2.325715417,0.782047997,1.176782248,0.092009956,0.055,0.054,312,0.38
1.268172016,2.906940715,2.370331201,0.782047997,1.176782248,0.092009956,0.038,0.058,314,0.419
1.044743291,2.906940715,2.370331201,0.782047997,1.176782248,0.092009956,0.055,0.054,314,0.38
-1.859830135,2.244932945,2.414946986,0.782047997,-1.000243381,-0.086358816,0.022,0.026,245,0.146
-2.306687585,2.244932945,2.414946986,0.782047997,-1.000243381,-0.086358816,0.022,0.026,245,0.146
-2.53011631,2.244932945,2.414946986,0.782047997,-1.000243381,-0.086358816,0.022,0.026,245,0.146
-2.753545036,2.244932945,2.414946986,0.782047997,-1.000243381,-0.086358816,0.022,0.026,245,0.146
-1.859830135,2.388182526,2.414946986,0.782047997,-1.136307483,-1.656004017,0.011,0.047,275,0.58
-2.08325886,2.388182526,2.414946986,0.782047997,-1.136307483,-0.127128822,0.011,0.047,275,0.58
-2.306687585,2.388182526,2.414946986,0.782047997,-1.136307483,-0.127128822,0.011,0.047,275,0.58
-2.53011631,2.388182526,2.414946986,0.782047997,-1.136307483,-0.127128822,0.011,0.047,275,0.58
-2.753545036,2.388182526,2.414946986,0.782047997,-1.136307483,-0.127128822,0.011,0.047,275,0.58
0.821314566,2.906940715,2.414946986,0.782047997,1.176782248,0.092009956,0.038,0.058,317,0.419
1.268172016,0.987674492,2.414946986,0.782047997,-1.68056389,0.04104745,0.038,0.106,317,0.884
1.044743291,0.987674492,2.414946986,0.782047997,-1.68056389,0.04104745,0.038,0.106,317,0.884
-0.74268651,2.894423761,2.45956277,0.782047997,1.448910451,0.142972463,0.046,0.052,310,0.416
0.821314566,2.894423761,2.548794339,0.782047997,1.721038655,0.092009956,0.04,0.046,324,0.43
0.430314297,2.606533828,2.548794339,0.782047997,-1.68056389,0.025758698,0.038,0.127,320,0.788
1.268172016,0.527328752,2.548794339,0.782047997,-1.68056389,-0.009915057,0.09,0.169,324,1.31
-0.072400334,2.894423761,2.593410123,0.782047997,1.312846349,0.04104745,0.036,0.055,326,0.277
-0.74268651,2.894423761,2.593410123,0.782047997,1.312846349,0.092009956,0.04,0.058,325,0.181
-0.519257785,4.045983496,2.77187326,0.782047997,1.312846349,0.092009956,0.053,0.089,333,0.305
1.044743291,2.906940715,2.950336398,0.782047997,1.176782248,0.092009956,0.071,0.131,346,0.988
1.268172016,2.906940715,2.994952182,0.782047997,1.176782248,0.092009956,0.071,0.131,348,0.988
-0.295829059,2.894423761,3.039567966,0.782047997,1.721038655,0.142972463,0.053,0.065,349,0.45
0.821314566,2.906940715,3.039567966,0.782047997,1.176782248,0.092009956,0.095,0.139,350,0.938
0.597885841,5.44649153,3.128799535,0.782047997,1.312846349,0.092009956,0.028,0.084,355,0.715
0.430314297,3.591200847,3.7980363,0.782047997,-1.272371585,0.000277445,0.09,0.16,387,2
-0.314597072,3.591200847,3.7980363,0.782047997,-1.272371585,0.000277445,0.09,0.16,387,2
